序号,变量名,数据类型,隐藏初始值,初始值,掉电保持,网络公开,注释,软元件地址,node_id
1,传感器状态_上位机,ST_BOOL16[10],,...,保持,公有,,R10000,
,传感器状态_上位机[0],ST_BOOL16,,,,,,,
,传感器状态_上位机[0].NO,BOOL[16],,,,,,,ns=4;s=上位机通讯|传感器状态_上位机[0].NO
,传感器状态_上位机[0].NO[0],BOOL,,OFF,,,TIP工位1,R10000.0,ns=4;s=上位机通讯|传感器状态_上位机[0].NO[0]
,传感器状态_上位机[0].NO[1],BOOL,,OFF,,,TIP工位2,R10000.1,ns=4;s=上位机通讯|传感器状态_上位机[0].NO[1]
,传感器状态_上位机[0].NO[2],BOOL,,,,,TIP工位3,R10000.2,ns=4;s=上位机通讯|传感器状态_上位机[0].NO[2]
,传感器状态_上位机[0].NO[3],BOOL,,,,,TIP工位4,R10000.3,ns=4;s=上位机通讯|传感器状态_上位机[0].NO[3]
,传感器状态_上位机[0].NO[4],BOOL,,,,,TIP工位5,R10000.4,ns=4;s=上位机通讯|传感器状态_上位机[0].NO[4]
,传感器状态_上位机[0].NO[5],BOOL,,,,,TIP工位6,R10000.5,ns=4;s=上位机通讯|传感器状态_上位机[0].NO[5]
,传感器状态_上位机[0].NO[6],BOOL,,OFF,,,未使用烧杯1-1,R10000.6,ns=4;s=上位机通讯|传感器状态_上位机[0].NO[6]
,传感器状态_上位机[0].NO[7],BOOL,,OFF,,,未使用烧杯1-2,R10000.7,ns=4;s=上位机通讯|传感器状态_上位机[0].NO[7]
,传感器状态_上位机[0].NO[8],BOOL,,OFF,,,未使用烧杯1-3,R10000.8,ns=4;s=上位机通讯|传感器状态_上位机[0].NO[8]
,传感器状态_上位机[0].NO[9],BOOL,,OFF,,,未使用烧杯1-4,R10000.9,ns=4;s=上位机通讯|传感器状态_上位机[0].NO[9]
,传感器状态_上位机[0].NO[10],BOOL,,OFF,,,未使用烧杯1-5,R10000.10,ns=4;s=上位机通讯|传感器状态_上位机[0].NO[10]
,传感器状态_上位机[0].NO[11],BOOL,,OFF,,,未使用烧杯1-6,R10000.11,ns=4;s=上位机通讯|传感器状态_上位机[0].NO[11]
,传感器状态_上位机[0].NO[12],BOOL,,OFF,,,未使用烧杯2-1,R10000.12,ns=4;s=上位机通讯|传感器状态_上位机[0].NO[12]
,传感器状态_上位机[0].NO[13],BOOL,,OFF,,,未使用烧杯2-2,R10000.13,ns=4;s=上位机通讯|传感器状态_上位机[0].NO[13]
,传感器状态_上位机[0].NO[14],BOOL,,OFF,,,未使用烧杯2-3,R10000.14,ns=4;s=上位机通讯|传感器状态_上位机[0].NO[14]
,传感器状态_上位机[0].NO[15],BOOL,,OFF,,,未使用烧杯2-4,R10000.15,ns=4;s=上位机通讯|传感器状态_上位机[0].NO[15]
,传感器状态_上位机[1],ST_BOOL16,,,,,,,
,传感器状态_上位机[1].NO,BOOL[16],,,,,,,ns=4;s=上位机通讯|传感器状态_上位机[1].NO
,传感器状态_上位机[1].NO[0],BOOL,,OFF,,,未使用烧杯2-5,R10001.0,ns=4;s=上位机通讯|传感器状态_上位机[1].NO[0]
,传感器状态_上位机[1].NO[1],BOOL,,OFF,,,未使用烧杯2-6,R10001.1,ns=4;s=上位机通讯|传感器状态_上位机[1].NO[1]
,传感器状态_上位机[1].NO[2],BOOL,,OFF,,,未使用烧杯3-1,R10001.2,ns=4;s=上位机通讯|传感器状态_上位机[1].NO[2]
,传感器状态_上位机[1].NO[3],BOOL,,OFF,,,未使用烧杯3-2,R10001.3,ns=4;s=上位机通讯|传感器状态_上位机[1].NO[3]
,传感器状态_上位机[1].NO[4],BOOL,,OFF,,,未使用烧杯3-3,R10001.4,ns=4;s=上位机通讯|传感器状态_上位机[1].NO[4]
,传感器状态_上位机[1].NO[5],BOOL,,OFF,,,未使用烧杯3-4,R10001.5,ns=4;s=上位机通讯|传感器状态_上位机[1].NO[5]
,传感器状态_上位机[1].NO[6],BOOL,,OFF,,,未使用烧杯3-5,R10001.6,ns=4;s=上位机通讯|传感器状态_上位机[1].NO[6]
,传感器状态_上位机[1].NO[7],BOOL,,OFF,,,未使用烧杯3-6,R10001.7,ns=4;s=上位机通讯|传感器状态_上位机[1].NO[7]
,传感器状态_上位机[1].NO[8],BOOL,,OFF,,,未使用样品瓶1-1,R10001.8,ns=4;s=上位机通讯|传感器状态_上位机[1].NO[8]
,传感器状态_上位机[1].NO[9],BOOL,,OFF,,,未使用样品瓶1-2,R10001.9,ns=4;s=上位机通讯|传感器状态_上位机[1].NO[9]
,传感器状态_上位机[1].NO[10],BOOL,,OFF,,,未使用样品瓶1-3,R10001.10,ns=4;s=上位机通讯|传感器状态_上位机[1].NO[10]
,传感器状态_上位机[1].NO[11],BOOL,,OFF,,,未使用样品瓶1-4,R10001.11,ns=4;s=上位机通讯|传感器状态_上位机[1].NO[11]
,传感器状态_上位机[1].NO[12],BOOL,,OFF,,,未使用样品瓶1-5,R10001.12,ns=4;s=上位机通讯|传感器状态_上位机[1].NO[12]
,传感器状态_上位机[1].NO[13],BOOL,,OFF,,,未使用样品瓶1-6,R10001.13,ns=4;s=上位机通讯|传感器状态_上位机[1].NO[13]
,传感器状态_上位机[1].NO[14],BOOL,,OFF,,,未使用样品瓶2-1,R10001.14,ns=4;s=上位机通讯|传感器状态_上位机[1].NO[14]
,传感器状态_上位机[1].NO[15],BOOL,,OFF,,,未使用样品瓶2-2,R10001.15,ns=4;s=上位机通讯|传感器状态_上位机[1].NO[15]
,传感器状态_上位机[2],ST_BOOL16,,,,,,,
,传感器状态_上位机[2].NO,BOOL[16],,,,,,,ns=4;s=上位机通讯|传感器状态_上位机[2].NO
,传感器状态_上位机[2].NO[0],BOOL,,OFF,,,未使用样品瓶2-3,R10002.0,ns=4;s=上位机通讯|传感器状态_上位机[2].NO[0]
,传感器状态_上位机[2].NO[1],BOOL,,OFF,,,未使用样品瓶2-4,R10002.1,ns=4;s=上位机通讯|传感器状态_上位机[2].NO[1]
,传感器状态_上位机[2].NO[2],BOOL,,OFF,,,未使用样品瓶2-5,R10002.2,ns=4;s=上位机通讯|传感器状态_上位机[2].NO[2]
,传感器状态_上位机[2].NO[3],BOOL,,OFF,,,未使用样品瓶2-6,R10002.3,ns=4;s=上位机通讯|传感器状态_上位机[2].NO[3]
,传感器状态_上位机[2].NO[4],BOOL,,OFF,,,未使用样品瓶3-1,R10002.4,ns=4;s=上位机通讯|传感器状态_上位机[2].NO[4]
,传感器状态_上位机[2].NO[5],BOOL,,OFF,,,未使用样品瓶3-2,R10002.5,ns=4;s=上位机通讯|传感器状态_上位机[2].NO[5]
,传感器状态_上位机[2].NO[6],BOOL,,OFF,,,未使用样品瓶3-3,R10002.6,ns=4;s=上位机通讯|传感器状态_上位机[2].NO[6]
,传感器状态_上位机[2].NO[7],BOOL,,OFF,,,未使用样品瓶3-4,R10002.7,ns=4;s=上位机通讯|传感器状态_上位机[2].NO[7]
,传感器状态_上位机[2].NO[8],BOOL,,OFF,,,未使用样品瓶3-5,R10002.8,ns=4;s=上位机通讯|传感器状态_上位机[2].NO[8]
,传感器状态_上位机[2].NO[9],BOOL,,OFF,,,未使用样品瓶3-6,R10002.9,ns=4;s=上位机通讯|传感器状态_上位机[2].NO[9]
,传感器状态_上位机[2].NO[10],BOOL,,OFF,,,搅拌1-1,R10002.10,ns=4;s=上位机通讯|传感器状态_上位机[2].NO[10]
,传感器状态_上位机[2].NO[11],BOOL,,OFF,,,搅拌1-2,R10002.11,ns=4;s=上位机通讯|传感器状态_上位机[2].NO[11]
,传感器状态_上位机[2].NO[12],BOOL,,OFF,,,搅拌1-3,R10002.12,ns=4;s=上位机通讯|传感器状态_上位机[2].NO[12]
,传感器状态_上位机[2].NO[13],BOOL,,OFF,,,搅拌2-1,R10002.13,ns=4;s=上位机通讯|传感器状态_上位机[2].NO[13]
,传感器状态_上位机[2].NO[14],BOOL,,OFF,,,搅拌2-2,R10002.14,ns=4;s=上位机通讯|传感器状态_上位机[2].NO[14]
,传感器状态_上位机[2].NO[15],BOOL,,OFF,,,搅拌2-3,R10002.15,ns=4;s=上位机通讯|传感器状态_上位机[2].NO[15]
,传感器状态_上位机[3],ST_BOOL16,,,,,,,
,传感器状态_上位机[3].NO,BOOL[16],,,,,,,ns=4;s=上位机通讯|传感器状态_上位机[3].NO
,传感器状态_上位机[3].NO[0],BOOL,,,,,拍照有料检测,R10003.0,ns=4;s=上位机通讯|传感器状态_上位机[3].NO[0]
,传感器状态_上位机[3].NO[1],BOOL,,OFF,,,加溶剂检测,R10003.1,ns=4;s=上位机通讯|传感器状态_上位机[3].NO[1]
,传感器状态_上位机[3].NO[2],BOOL,,OFF,,,,R10003.2,ns=4;s=上位机通讯|传感器状态_上位机[3].NO[2]
,传感器状态_上位机[3].NO[3],BOOL,,OFF,,,,R10003.3,ns=4;s=上位机通讯|传感器状态_上位机[3].NO[3]
,传感器状态_上位机[3].NO[4],BOOL,,OFF,,,,R10003.4,ns=4;s=上位机通讯|传感器状态_上位机[3].NO[4]
,传感器状态_上位机[3].NO[5],BOOL,,OFF,,,,R10003.5,ns=4;s=上位机通讯|传感器状态_上位机[3].NO[5]
,传感器状态_上位机[3].NO[6],BOOL,,OFF,,,机械手夹爪产品感应,R10003.6,ns=4;s=上位机通讯|传感器状态_上位机[3].NO[6]
,传感器状态_上位机[3].NO[7],BOOL,,OFF,,,,R10003.7,ns=4;s=上位机通讯|传感器状态_上位机[3].NO[7]
,传感器状态_上位机[3].NO[8],BOOL,,OFF,,,固体粉末容器1-1,R10003.8,ns=4;s=上位机通讯|传感器状态_上位机[3].NO[8]
,传感器状态_上位机[3].NO[9],BOOL,,OFF,,,固体粉末容器1-2,R10003.9,ns=4;s=上位机通讯|传感器状态_上位机[3].NO[9]
,传感器状态_上位机[3].NO[10],BOOL,,OFF,,,固体粉末容器1-3,R10003.10,ns=4;s=上位机通讯|传感器状态_上位机[3].NO[10]
,传感器状态_上位机[3].NO[11],BOOL,,OFF,,,固体粉末容器2-1,R10003.11,ns=4;s=上位机通讯|传感器状态_上位机[3].NO[11]
,传感器状态_上位机[3].NO[12],BOOL,,OFF,,,固体粉末容器2-2,R10003.12,ns=4;s=上位机通讯|传感器状态_上位机[3].NO[12]
,传感器状态_上位机[3].NO[13],BOOL,,OFF,,,固体粉末容器2-3,R10003.13,ns=4;s=上位机通讯|传感器状态_上位机[3].NO[13]
,传感器状态_上位机[3].NO[14],BOOL,,,,,开盖工位1,R10003.14,ns=4;s=上位机通讯|传感器状态_上位机[3].NO[14]
,传感器状态_上位机[3].NO[15],BOOL,,,,,开盖工位2,R10003.15,ns=4;s=上位机通讯|传感器状态_上位机[3].NO[15]
,传感器状态_上位机[4],ST_BOOL16,,,,,,,
,传感器状态_上位机[4].NO,BOOL[16],,,,,,,ns=4;s=上位机通讯|传感器状态_上位机[4].NO
,传感器状态_上位机[4].NO[0],BOOL,,,,,放瓶盖工位1,R10004.0,ns=4;s=上位机通讯|传感器状态_上位机[4].NO[0]
,传感器状态_上位机[4].NO[1],BOOL,,,,,放瓶盖工位2,R10004.1,ns=4;s=上位机通讯|传感器状态_上位机[4].NO[1]
,传感器状态_上位机[4].NO[2],BOOL,,,,,放瓶盖工位3,R10004.2,ns=4;s=上位机通讯|传感器状态_上位机[4].NO[2]
,传感器状态_上位机[4].NO[3],BOOL,,,,,放瓶盖工位4,R10004.3,ns=4;s=上位机通讯|传感器状态_上位机[4].NO[3]
,传感器状态_上位机[4].NO[4],BOOL,,,,,放瓶盖工位5,R10004.4,ns=4;s=上位机通讯|传感器状态_上位机[4].NO[4]
,传感器状态_上位机[4].NO[5],BOOL,,,,,TIP试剂盒检测1,R10004.5,ns=4;s=上位机通讯|传感器状态_上位机[4].NO[5]
,传感器状态_上位机[4].NO[6],BOOL,,,,,TIP试剂盒检测2,R10004.6,ns=4;s=上位机通讯|传感器状态_上位机[4].NO[6]
,传感器状态_上位机[4].NO[7],BOOL,,,,,加液体工位1,R10004.7,ns=4;s=上位机通讯|传感器状态_上位机[4].NO[7]
,传感器状态_上位机[4].NO[8],BOOL,,,,,加液体工位2,R10004.8,ns=4;s=上位机通讯|传感器状态_上位机[4].NO[8]
,传感器状态_上位机[4].NO[9],BOOL,,,,,加液体工位3,R10004.9,ns=4;s=上位机通讯|传感器状态_上位机[4].NO[9]
,传感器状态_上位机[4].NO[10],BOOL,,,,,加液体工位4,R10004.10,ns=4;s=上位机通讯|传感器状态_上位机[4].NO[10]
,传感器状态_上位机[4].NO[11],BOOL,,,,,加液体工位5,R10004.11,ns=4;s=上位机通讯|传感器状态_上位机[4].NO[11]
,传感器状态_上位机[4].NO[12],BOOL,,OFF,,,液体试剂瓶1-1,R10004.12,ns=4;s=上位机通讯|传感器状态_上位机[4].NO[12]
,传感器状态_上位机[4].NO[13],BOOL,,OFF,,,液体试剂瓶1-2,R10004.13,ns=4;s=上位机通讯|传感器状态_上位机[4].NO[13]
,传感器状态_上位机[4].NO[14],BOOL,,OFF,,,液体试剂瓶1-3,R10004.14,ns=4;s=上位机通讯|传感器状态_上位机[4].NO[14]
,传感器状态_上位机[4].NO[15],BOOL,,OFF,,,液体试剂瓶1-4,R10004.15,ns=4;s=上位机通讯|传感器状态_上位机[4].NO[15]
,传感器状态_上位机[5],ST_BOOL16,,,,,,,
,传感器状态_上位机[5].NO,BOOL[16],,,,,,,ns=4;s=上位机通讯|传感器状态_上位机[5].NO
,传感器状态_上位机[5].NO[0],BOOL,,OFF,,,液体试剂瓶1-5,R10005.0,ns=4;s=上位机通讯|传感器状态_上位机[5].NO[0]
,传感器状态_上位机[5].NO[1],BOOL,,OFF,,,液体试剂瓶2-1,R10005.1,ns=4;s=上位机通讯|传感器状态_上位机[5].NO[1]
,传感器状态_上位机[5].NO[2],BOOL,,OFF,,,液体试剂瓶2-2,R10005.2,ns=4;s=上位机通讯|传感器状态_上位机[5].NO[2]
,传感器状态_上位机[5].NO[3],BOOL,,OFF,,,液体试剂瓶2-3,R10005.3,ns=4;s=上位机通讯|传感器状态_上位机[5].NO[3]
,传感器状态_上位机[5].NO[4],BOOL,,OFF,,,液体试剂瓶2-4,R10005.4,ns=4;s=上位机通讯|传感器状态_上位机[5].NO[4]
,传感器状态_上位机[5].NO[5],BOOL,,OFF,,,液体试剂瓶2-5,R10005.5,ns=4;s=上位机通讯|传感器状态_上位机[5].NO[5]
,传感器状态_上位机[5].NO[6],BOOL,,OFF,,,液体试剂瓶3-1,R10005.6,ns=4;s=上位机通讯|传感器状态_上位机[5].NO[6]
,传感器状态_上位机[5].NO[7],BOOL,,OFF,,,液体试剂瓶3-2,R10005.7,ns=4;s=上位机通讯|传感器状态_上位机[5].NO[7]
,传感器状态_上位机[5].NO[8],BOOL,,OFF,,,液体试剂瓶3-3,R10005.8,ns=4;s=上位机通讯|传感器状态_上位机[5].NO[8]
,传感器状态_上位机[5].NO[9],BOOL,,OFF,,,液体试剂瓶3-4,R10005.9,ns=4;s=上位机通讯|传感器状态_上位机[5].NO[9]
,传感器状态_上位机[5].NO[10],BOOL,,OFF,,,液体试剂瓶3-5,R10005.10,ns=4;s=上位机通讯|传感器状态_上位机[5].NO[10]
,传感器状态_上位机[5].NO[11],BOOL,,OFF,,,液体试剂瓶4-1,R10005.11,ns=4;s=上位机通讯|传感器状态_上位机[5].NO[11]
,传感器状态_上位机[5].NO[12],BOOL,,OFF,,,液体试剂瓶4-2,R10005.12,ns=4;s=上位机通讯|传感器状态_上位机[5].NO[12]
,传感器状态_上位机[5].NO[13],BOOL,,OFF,,,液体试剂瓶4-3,R10005.13,ns=4;s=上位机通讯|传感器状态_上位机[5].NO[13]
,传感器状态_上位机[5].NO[14],BOOL,,OFF,,,液体试剂瓶4-4,R10005.14,ns=4;s=上位机通讯|传感器状态_上位机[5].NO[14]
,传感器状态_上位机[5].NO[15],BOOL,,OFF,,,液体试剂瓶4-5,R10005.15,ns=4;s=上位机通讯|传感器状态_上位机[5].NO[15]
,传感器状态_上位机[6],ST_BOOL16,,,,,,,
,传感器状态_上位机[6].NO,BOOL[16],,,,,,,ns=4;s=上位机通讯|传感器状态_上位机[6].NO
,传感器状态_上位机[6].NO[0],BOOL,,OFF,,,使用烧杯1-1,R10006.0,ns=4;s=上位机通讯|传感器状态_上位机[6].NO[0]
,传感器状态_上位机[6].NO[1],BOOL,,OFF,,,使用烧杯1-2,R10006.1,ns=4;s=上位机通讯|传感器状态_上位机[6].NO[1]
,传感器状态_上位机[6].NO[2],BOOL,,OFF,,,使用烧杯1-3,R10006.2,ns=4;s=上位机通讯|传感器状态_上位机[6].NO[2]
,传感器状态_上位机[6].NO[3],BOOL,,OFF,,,使用烧杯1-4,R10006.3,ns=4;s=上位机通讯|传感器状态_上位机[6].NO[3]
,传感器状态_上位机[6].NO[4],BOOL,,OFF,,,使用烧杯1-5,R10006.4,ns=4;s=上位机通讯|传感器状态_上位机[6].NO[4]
,传感器状态_上位机[6].NO[5],BOOL,,OFF,,,使用烧杯1-6,R10006.5,ns=4;s=上位机通讯|传感器状态_上位机[6].NO[5]
,传感器状态_上位机[6].NO[6],BOOL,,OFF,,,使用烧杯2-1,R10006.6,ns=4;s=上位机通讯|传感器状态_上位机[6].NO[6]
,传感器状态_上位机[6].NO[7],BOOL,,OFF,,,使用烧杯2-2,R10006.7,ns=4;s=上位机通讯|传感器状态_上位机[6].NO[7]
,传感器状态_上位机[6].NO[8],BOOL,,OFF,,,使用烧杯2-3,R10006.8,ns=4;s=上位机通讯|传感器状态_上位机[6].NO[8]
,传感器状态_上位机[6].NO[9],BOOL,,OFF,,,使用烧杯2-4,R10006.9,ns=4;s=上位机通讯|传感器状态_上位机[6].NO[9]
,传感器状态_上位机[6].NO[10],BOOL,,OFF,,,使用烧杯2-5,R10006.10,ns=4;s=上位机通讯|传感器状态_上位机[6].NO[10]
,传感器状态_上位机[6].NO[11],BOOL,,OFF,,,使用烧杯2-6,R10006.11,ns=4;s=上位机通讯|传感器状态_上位机[6].NO[11]
,传感器状态_上位机[6].NO[12],BOOL,,OFF,,,使用烧杯3-1,R10006.12,ns=4;s=上位机通讯|传感器状态_上位机[6].NO[12]
,传感器状态_上位机[6].NO[13],BOOL,,OFF,,,使用烧杯3-2,R10006.13,ns=4;s=上位机通讯|传感器状态_上位机[6].NO[13]
,传感器状态_上位机[6].NO[14],BOOL,,OFF,,,使用烧杯3-3,R10006.14,ns=4;s=上位机通讯|传感器状态_上位机[6].NO[14]
,传感器状态_上位机[6].NO[15],BOOL,,OFF,,,使用烧杯3-4,R10006.15,ns=4;s=上位机通讯|传感器状态_上位机[6].NO[15]
,传感器状态_上位机[7],ST_BOOL16,,,,,,,
,传感器状态_上位机[7].NO,BOOL[16],,,,,,,ns=4;s=上位机通讯|传感器状态_上位机[7].NO
,传感器状态_上位机[7].NO[0],BOOL,,OFF,,,使用烧杯3-5,R10007.0,ns=4;s=上位机通讯|传感器状态_上位机[7].NO[0]
,传感器状态_上位机[7].NO[1],BOOL,,OFF,,,使用烧杯3-6,R10007.1,ns=4;s=上位机通讯|传感器状态_上位机[7].NO[1]
,传感器状态_上位机[7].NO[2],BOOL,,OFF,,,使用样品瓶1-1,R10007.2,ns=4;s=上位机通讯|传感器状态_上位机[7].NO[2]
,传感器状态_上位机[7].NO[3],BOOL,,OFF,,,使用样品瓶1-2,R10007.3,ns=4;s=上位机通讯|传感器状态_上位机[7].NO[3]
,传感器状态_上位机[7].NO[4],BOOL,,OFF,,,使用样品瓶1-3,R10007.4,ns=4;s=上位机通讯|传感器状态_上位机[7].NO[4]
,传感器状态_上位机[7].NO[5],BOOL,,OFF,,,使用样品瓶1-4,R10007.5,ns=4;s=上位机通讯|传感器状态_上位机[7].NO[5]
,传感器状态_上位机[7].NO[6],BOOL,,OFF,,,使用样品瓶1-5,R10007.6,ns=4;s=上位机通讯|传感器状态_上位机[7].NO[6]
,传感器状态_上位机[7].NO[7],BOOL,,OFF,,,使用样品瓶1-6,R10007.7,ns=4;s=上位机通讯|传感器状态_上位机[7].NO[7]
,传感器状态_上位机[7].NO[8],BOOL,,OFF,,,使用样品瓶2-1,R10007.8,ns=4;s=上位机通讯|传感器状态_上位机[7].NO[8]
,传感器状态_上位机[7].NO[9],BOOL,,OFF,,,使用样品瓶2-2,R10007.9,ns=4;s=上位机通讯|传感器状态_上位机[7].NO[9]
,传感器状态_上位机[7].NO[10],BOOL,,OFF,,,使用样品瓶2-3,R10007.10,ns=4;s=上位机通讯|传感器状态_上位机[7].NO[10]
,传感器状态_上位机[7].NO[11],BOOL,,OFF,,,使用样品瓶2-4,R10007.11,ns=4;s=上位机通讯|传感器状态_上位机[7].NO[11]
,传感器状态_上位机[7].NO[12],BOOL,,OFF,,,使用样品瓶2-5,R10007.12,ns=4;s=上位机通讯|传感器状态_上位机[7].NO[12]
,传感器状态_上位机[7].NO[13],BOOL,,OFF,,,使用样品瓶2-6,R10007.13,ns=4;s=上位机通讯|传感器状态_上位机[7].NO[13]
,传感器状态_上位机[7].NO[14],BOOL,,OFF,,,使用样品瓶3-1,R10007.14,ns=4;s=上位机通讯|传感器状态_上位机[7].NO[14]
,传感器状态_上位机[7].NO[15],BOOL,,OFF,,,使用样品瓶3-2,R10007.15,ns=4;s=上位机通讯|传感器状态_上位机[7].NO[15]
,传感器状态_上位机[8],ST_BOOL16,,,,,,,
,传感器状态_上位机[8].NO,BOOL[16],,,,,,,ns=4;s=上位机通讯|传感器状态_上位机[8].NO
,传感器状态_上位机[8].NO[0],BOOL,,OFF,,,使用样品瓶3-3,R10008.0,ns=4;s=上位机通讯|传感器状态_上位机[8].NO[0]
,传感器状态_上位机[8].NO[1],BOOL,,OFF,,,使用样品瓶3-4,R10008.1,ns=4;s=上位机通讯|传感器状态_上位机[8].NO[1]
,传感器状态_上位机[8].NO[2],BOOL,,OFF,,,使用样品瓶3-5,R10008.2,ns=4;s=上位机通讯|传感器状态_上位机[8].NO[2]
,传感器状态_上位机[8].NO[3],BOOL,,OFF,,,使用样品瓶3-6,R10008.3,ns=4;s=上位机通讯|传感器状态_上位机[8].NO[3]
,传感器状态_上位机[8].NO[4],BOOL,,OFF,,,,R10008.4,ns=4;s=上位机通讯|传感器状态_上位机[8].NO[4]
,传感器状态_上位机[8].NO[5],BOOL,,OFF,,,,R10008.5,ns=4;s=上位机通讯|传感器状态_上位机[8].NO[5]
,传感器状态_上位机[8].NO[6],BOOL,,OFF,,,,R10008.6,ns=4;s=上位机通讯|传感器状态_上位机[8].NO[6]
,传感器状态_上位机[8].NO[7],BOOL,,OFF,,,,R10008.7,ns=4;s=上位机通讯|传感器状态_上位机[8].NO[7]
,传感器状态_上位机[8].NO[8],BOOL,,OFF,,,,R10008.8,ns=4;s=上位机通讯|传感器状态_上位机[8].NO[8]
,传感器状态_上位机[8].NO[9],BOOL,,OFF,,,,R10008.9,ns=4;s=上位机通讯|传感器状态_上位机[8].NO[9]
,传感器状态_上位机[8].NO[10],BOOL,,OFF,,,,R10008.10,ns=4;s=上位机通讯|传感器状态_上位机[8].NO[10]
,传感器状态_上位机[8].NO[11],BOOL,,OFF,,,,R10008.11,ns=4;s=上位机通讯|传感器状态_上位机[8].NO[11]
,传感器状态_上位机[8].NO[12],BOOL,,OFF,,,,R10008.12,ns=4;s=上位机通讯|传感器状态_上位机[8].NO[12]
,传感器状态_上位机[8].NO[13],BOOL,,OFF,,,,R10008.13,ns=4;s=上位机通讯|传感器状态_上位机[8].NO[13]
,传感器状态_上位机[8].NO[14],BOOL,,OFF,,,,R10008.14,ns=4;s=上位机通讯|传感器状态_上位机[8].NO[14]
,传感器状态_上位机[8].NO[15],BOOL,,OFF,,,,R10008.15,ns=4;s=上位机通讯|传感器状态_上位机[8].NO[15]
,传感器状态_上位机[9],ST_BOOL16,,,,,,,
,传感器状态_上位机[9].NO,BOOL[16],,,,,,,ns=4;s=上位机通讯|传感器状态_上位机[9].NO
,传感器状态_上位机[9].NO[0],BOOL,,OFF,,,,R10009.0,ns=4;s=上位机通讯|传感器状态_上位机[9].NO[0]
,传感器状态_上位机[9].NO[1],BOOL,,OFF,,,,R10009.1,ns=4;s=上位机通讯|传感器状态_上位机[9].NO[1]
,传感器状态_上位机[9].NO[2],BOOL,,OFF,,,,R10009.2,ns=4;s=上位机通讯|传感器状态_上位机[9].NO[2]
,传感器状态_上位机[9].NO[3],BOOL,,OFF,,,,R10009.3,ns=4;s=上位机通讯|传感器状态_上位机[9].NO[3]
,传感器状态_上位机[9].NO[4],BOOL,,OFF,,,,R10009.4,ns=4;s=上位机通讯|传感器状态_上位机[9].NO[4]
,传感器状态_上位机[9].NO[5],BOOL,,OFF,,,,R10009.5,ns=4;s=上位机通讯|传感器状态_上位机[9].NO[5]
,传感器状态_上位机[9].NO[6],BOOL,,OFF,,,,R10009.6,ns=4;s=上位机通讯|传感器状态_上位机[9].NO[6]
,传感器状态_上位机[9].NO[7],BOOL,,OFF,,,,R10009.7,ns=4;s=上位机通讯|传感器状态_上位机[9].NO[7]
,传感器状态_上位机[9].NO[8],BOOL,,OFF,,,,R10009.8,ns=4;s=上位机通讯|传感器状态_上位机[9].NO[8]
,传感器状态_上位机[9].NO[9],BOOL,,OFF,,,,R10009.9,ns=4;s=上位机通讯|传感器状态_上位机[9].NO[9]
,传感器状态_上位机[9].NO[10],BOOL,,OFF,,,,R10009.10,ns=4;s=上位机通讯|传感器状态_上位机[9].NO[10]
,传感器状态_上位机[9].NO[11],BOOL,,OFF,,,,R10009.11,ns=4;s=上位机通讯|传感器状态_上位机[9].NO[11]
,传感器状态_上位机[9].NO[12],BOOL,,OFF,,,,R10009.12,ns=4;s=上位机通讯|传感器状态_上位机[9].NO[12]
,传感器状态_上位机[9].NO[13],BOOL,,OFF,,,,R10009.13,ns=4;s=上位机通讯|传感器状态_上位机[9].NO[13]
,传感器状态_上位机[9].NO[14],BOOL,,OFF,,,,R10009.14,ns=4;s=上位机通讯|传感器状态_上位机[9].NO[14]
,传感器状态_上位机[9].NO[15],BOOL,,OFF,,,,R10009.15,ns=4;s=上位机通讯|传感器状态_上位机[9].NO[15]
2,物料二维码_上位机,INT[30],,...,保持,公有,,R10010,ns=4;s=上位机通讯|物料二维码_上位机
,物料二维码_上位机[0],INT,,0,,,,R10010,ns=4;s=上位机通讯|物料二维码_上位机[0]
,物料二维码_上位机[1],INT,,0,,,,R10011,ns=4;s=上位机通讯|物料二维码_上位机[1]
,物料二维码_上位机[2],INT,,0,,,,R10012,ns=4;s=上位机通讯|物料二维码_上位机[2]
,物料二维码_上位机[3],INT,,0,,,,R10013,ns=4;s=上位机通讯|物料二维码_上位机[3]
,物料二维码_上位机[4],INT,,0,,,,R10014,ns=4;s=上位机通讯|物料二维码_上位机[4]
,物料二维码_上位机[5],INT,,0,,,,R10015,ns=4;s=上位机通讯|物料二维码_上位机[5]
,物料二维码_上位机[6],INT,,0,,,,R10016,ns=4;s=上位机通讯|物料二维码_上位机[6]
,物料二维码_上位机[7],INT,,0,,,,R10017,ns=4;s=上位机通讯|物料二维码_上位机[7]
,物料二维码_上位机[8],INT,,0,,,,R10018,ns=4;s=上位机通讯|物料二维码_上位机[8]
,物料二维码_上位机[9],INT,,0,,,,R10019,ns=4;s=上位机通讯|物料二维码_上位机[9]
,物料二维码_上位机[10],INT,,0,,,,R10020,ns=4;s=上位机通讯|物料二维码_上位机[10]
,物料二维码_上位机[11],INT,,0,,,,R10021,ns=4;s=上位机通讯|物料二维码_上位机[11]
,物料二维码_上位机[12],INT,,0,,,,R10022,ns=4;s=上位机通讯|物料二维码_上位机[12]
,物料二维码_上位机[13],INT,,0,,,,R10023,ns=4;s=上位机通讯|物料二维码_上位机[13]
,物料二维码_上位机[14],INT,,0,,,,R10024,ns=4;s=上位机通讯|物料二维码_上位机[14]
,物料二维码_上位机[15],INT,,0,,,,R10025,ns=4;s=上位机通讯|物料二维码_上位机[15]
,物料二维码_上位机[16],INT,,0,,,,R10026,ns=4;s=上位机通讯|物料二维码_上位机[16]
,物料二维码_上位机[17],INT,,0,,,,R10027,ns=4;s=上位机通讯|物料二维码_上位机[17]
,物料二维码_上位机[18],INT,,0,,,,R10028,ns=4;s=上位机通讯|物料二维码_上位机[18]
,物料二维码_上位机[19],INT,,0,,,,R10029,ns=4;s=上位机通讯|物料二维码_上位机[19]
,物料二维码_上位机[20],INT,,0,,,,R10030,ns=4;s=上位机通讯|物料二维码_上位机[20]
,物料二维码_上位机[21],INT,,0,,,,R10031,ns=4;s=上位机通讯|物料二维码_上位机[21]
,物料二维码_上位机[22],INT,,0,,,,R10032,ns=4;s=上位机通讯|物料二维码_上位机[22]
,物料二维码_上位机[23],INT,,0,,,,R10033,ns=4;s=上位机通讯|物料二维码_上位机[23]
,物料二维码_上位机[24],INT,,0,,,,R10034,ns=4;s=上位机通讯|物料二维码_上位机[24]
,物料二维码_上位机[25],INT,,0,,,,R10035,ns=4;s=上位机通讯|物料二维码_上位机[25]
,物料二维码_上位机[26],INT,,0,,,,R10036,ns=4;s=上位机通讯|物料二维码_上位机[26]
,物料二维码_上位机[27],INT,,0,,,,R10037,ns=4;s=上位机通讯|物料二维码_上位机[27]
,物料二维码_上位机[28],INT,,0,,,,R10038,ns=4;s=上位机通讯|物料二维码_上位机[28]
,物料二维码_上位机[29],INT,,0,,,,R10039,ns=4;s=上位机通讯|物料二维码_上位机[29]
3,S041准备信号,BOOL,,OFF,保持,公有,磁搅工位1_PLC TO PC 设备可以取放料,,ns=4;s=上位机通讯|S041准备信号
4,S041磁搅状态,INT,,0,保持,公有,磁搅工位1_PLC TO PC  1空闲，2Busy,,ns=4;s=上位机通讯|S041磁搅状态
5,S041允许加工,BOOL,,OFF,保持,公有,磁搅工位1_PLC TO PC 放料完成等待参数下发,,ns=4;s=上位机通讯|S041允许加工
6,S041磁搅工艺选择,INT,,0,保持,公有,磁搅工位1_PC TO PLC 1搅拌，2加热，3搅拌+加热,,ns=4;s=上位机通讯|S041磁搅工艺选择
7,S041参数写入完成,BOOL,,OFF,保持,公有,磁搅工位1_PC TO PLC ,,ns=4;s=上位机通讯|S041参数写入完成
8,S041加工完成,BOOL,,OFF,保持,公有,磁搅工位1_PLC TO PC,,ns=4;s=上位机通讯|S041加工完成
9,S042准备信号,BOOL,,OFF,保持,公有,磁搅工位2_PLC TO PC 设备可以取放料,,ns=4;s=上位机通讯|S042准备信号
10,S042磁搅状态,INT,,0,保持,公有,磁搅工位2_PLC TO PC  1空闲，2Busy,,ns=4;s=上位机通讯|S042磁搅状态
11,S042允许加工,BOOL,,OFF,保持,公有,磁搅工位2_PLC TO PC 放料完成等待参数下发,,ns=4;s=上位机通讯|S042允许加工
12,S042磁搅工艺选择,INT,,0,保持,私有,磁搅工位2_PC TO PLC 1搅拌，2加热，3搅拌+加热,,ns=4;s=上位机通讯|S042磁搅工艺选择
13,S042参数写入完成,BOOL,,OFF,保持,公有,磁搅工位2_PC TO PLC ,,ns=4;s=上位机通讯|S042参数写入完成
14,S042加工完成,BOOL,,OFF,保持,公有,磁搅工位2_PLC TO PC,,ns=4;s=上位机通讯|S042加工完成
15,S043准备信号,BOOL,,OFF,保持,公有,磁搅工位3_PLC TO PC 设备可以取放料,,ns=4;s=上位机通讯|S043准备信号
16,S043磁搅状态,INT,,0,保持,公有,磁搅工位3_PLC TO PC  1空闲，2Busy,,ns=4;s=上位机通讯|S043磁搅状态
17,S043允许加工,BOOL,,OFF,保持,公有,磁搅工位3_PLC TO PC 放料完成等待参数下发,,ns=4;s=上位机通讯|S043允许加工
18,S043磁搅工艺选择,INT,,0,保持,公有,磁搅工位3_PC TO PLC 1搅拌，2加热，3搅拌+加热,,ns=4;s=上位机通讯|S043磁搅工艺选择
19,S043参数写入完成,BOOL,,OFF,保持,公有,磁搅工位3_PC TO PLC ,,ns=4;s=上位机通讯|S043参数写入完成
20,S043加工完成,BOOL,,OFF,保持,公有,磁搅工位3_PLC TO PC,,ns=4;s=上位机通讯|S043加工完成
21,S044准备信号,BOOL,,OFF,保持,公有,磁搅工位4_PLC TO PC 设备可以取放料,,ns=4;s=上位机通讯|S044准备信号
22,S044磁搅状态,INT,,0,保持,公有,磁搅工位4_PLC TO PC  1空闲，2Busy,R10431,ns=4;s=上位机通讯|S044磁搅状态
23,S044允许加工,BOOL,,OFF,保持,公有,磁搅工位4_PLC TO PC 放料完成等待参数下发,R10430.1,ns=4;s=上位机通讯|S044允许加工
24,S044磁搅工艺选择,INT,,0,保持,公有,磁搅工位4_PC TO PLC 1搅拌，2加热，3搅拌+加热,R10432,ns=4;s=上位机通讯|S044磁搅工艺选择
25,S044参数写入完成,BOOL,,OFF,保持,公有,磁搅工位4_PC TO PLC ,R10430.2,ns=4;s=上位机通讯|S044参数写入完成
26,S044加工完成,BOOL,,OFF,保持,公有,磁搅工位4_PLC TO PC,R10430.3,ns=4;s=上位机通讯|S044加工完成
27,S045准备信号,BOOL,,OFF,保持,公有,磁搅工位5_PLC TO PC 设备可以取放料,R10440.0,ns=4;s=上位机通讯|S045准备信号
28,S045磁搅状态,INT,,0,保持,公有,磁搅工位5_PLC TO PC  1空闲，2Busy,R10441,ns=4;s=上位机通讯|S045磁搅状态
29,S045允许加工,BOOL,,OFF,保持,公有,磁搅工位5_PLC TO PC 放料完成等待参数下发,R10440.1,ns=4;s=上位机通讯|S045允许加工
30,S045磁搅工艺选择,INT,,0,保持,公有,磁搅工位5_PC TO PLC 1搅拌，2加热，3搅拌+加热,R10442,ns=4;s=上位机通讯|S045磁搅工艺选择
31,S045参数写入完成,BOOL,,OFF,保持,公有,磁搅工位5_PC TO PLC ,R10440.2,ns=4;s=上位机通讯|S045参数写入完成
32,S045加工完成,BOOL,,OFF,保持,公有,磁搅工位5_PLC TO PC,R10440.3,ns=4;s=上位机通讯|S045加工完成
33,S046准备信号,BOOL,,OFF,保持,公有,磁搅工位6_PLC TO PC 设备可以取放料,R10450.0,ns=4;s=上位机通讯|S046准备信号
34,S046磁搅状态,INT,,0,保持,公有,磁搅工位6_PLC TO PC  1空闲，2Busy,R10451,ns=4;s=上位机通讯|S046磁搅状态
35,S046允许加工,BOOL,,OFF,保持,公有,磁搅工位6_PLC TO PC 放料完成等待参数下发,R10450.1,ns=4;s=上位机通讯|S046允许加工
36,S046磁搅工艺选择,INT,,0,保持,公有,磁搅工位6_PC TO PLC 1搅拌，2加热，3搅拌+加热,R10452,ns=4;s=上位机通讯|S046磁搅工艺选择
37,S046参数写入完成,BOOL,,OFF,保持,公有,磁搅工位6_PC TO PLC ,R10450.2,ns=4;s=上位机通讯|S046参数写入完成
38,S046加工完成,BOOL,,OFF,保持,公有,磁搅工位6_PLC TO PC,R10450.3,ns=4;s=上位机通讯|S046加工完成
39,磁搅温度反馈_上位机,REAL[6],,...,保持,公有,,R10460,ns=4;s=上位机通讯|磁搅温度反馈_上位机
,磁搅温度反馈_上位机[0],REAL,,0.000000,,,,R10460,ns=4;s=上位机通讯|磁搅温度反馈_上位机[0]
,磁搅温度反馈_上位机[1],REAL,,0.000000,,,,R10462,ns=4;s=上位机通讯|磁搅温度反馈_上位机[1]
,磁搅温度反馈_上位机[2],REAL,,0.000000,,,,R10464,ns=4;s=上位机通讯|磁搅温度反馈_上位机[2]
,磁搅温度反馈_上位机[3],REAL,,0.000000,,,,R10466,ns=4;s=上位机通讯|磁搅温度反馈_上位机[3]
,磁搅温度反馈_上位机[4],REAL,,0.000000,,,,R10468,ns=4;s=上位机通讯|磁搅温度反馈_上位机[4]
,磁搅温度反馈_上位机[5],REAL,,0.000000,,,,R10470,ns=4;s=上位机通讯|磁搅温度反馈_上位机[5]
40,磁搅速度设置_上位机,INT[6],,...,保持,公有,,R10480,ns=4;s=上位机通讯|磁搅速度设置_上位机
,磁搅速度设置_上位机[0],INT,,0,,,,R10480,ns=4;s=上位机通讯|磁搅速度设置_上位机[0]
,磁搅速度设置_上位机[1],INT,,0,,,,R10481,ns=4;s=上位机通讯|磁搅速度设置_上位机[1]
,磁搅速度设置_上位机[2],INT,,0,,,,R10482,ns=4;s=上位机通讯|磁搅速度设置_上位机[2]
,磁搅速度设置_上位机[3],INT,,0,,,,R10483,ns=4;s=上位机通讯|磁搅速度设置_上位机[3]
,磁搅速度设置_上位机[4],INT,,0,,,,R10484,ns=4;s=上位机通讯|磁搅速度设置_上位机[4]
,磁搅速度设置_上位机[5],INT,,0,,,,R10485,ns=4;s=上位机通讯|磁搅速度设置_上位机[5]
41,磁搅温度设置_上位机,INT[6],,...,保持,公有,,R10490,ns=4;s=上位机通讯|磁搅温度设置_上位机
,磁搅温度设置_上位机[0],INT,,0,,,,R10490,ns=4;s=上位机通讯|磁搅温度设置_上位机[0]
,磁搅温度设置_上位机[1],INT,,0,,,,R10491,ns=4;s=上位机通讯|磁搅温度设置_上位机[1]
,磁搅温度设置_上位机[2],INT,,0,,,,R10492,ns=4;s=上位机通讯|磁搅温度设置_上位机[2]
,磁搅温度设置_上位机[3],INT,,0,,,,R10493,ns=4;s=上位机通讯|磁搅温度设置_上位机[3]
,磁搅温度设置_上位机[4],INT,,0,,,,R10494,ns=4;s=上位机通讯|磁搅温度设置_上位机[4]
,磁搅温度设置_上位机[5],INT,,0,,,,R10495,ns=4;s=上位机通讯|磁搅温度设置_上位机[5]
42,磁搅时间设置_上位机,DINT[6],,...,保持,公有,,R10500,ns=4;s=上位机通讯|磁搅时间设置_上位机
,磁搅时间设置_上位机[0],DINT,,30000,,,,R10500,ns=4;s=上位机通讯|磁搅时间设置_上位机[0]
,磁搅时间设置_上位机[1],DINT,,30000,,,,R10502,ns=4;s=上位机通讯|磁搅时间设置_上位机[1]
,磁搅时间设置_上位机[2],DINT,,30000,,,,R10504,ns=4;s=上位机通讯|磁搅时间设置_上位机[2]
,磁搅时间设置_上位机[3],DINT,,30000,,,,R10506,ns=4;s=上位机通讯|磁搅时间设置_上位机[3]
,磁搅时间设置_上位机[4],DINT,,30000,,,,R10508,ns=4;s=上位机通讯|磁搅时间设置_上位机[4]
,磁搅时间设置_上位机[5],DINT,,30000,,,,R10510,ns=4;s=上位机通讯|磁搅时间设置_上位机[5]
43,磁搅安全温度设置_上位机,INT[6],,...,保持,公有,,R10520,ns=4;s=上位机通讯|磁搅安全温度设置_上位机
,磁搅安全温度设置_上位机[0],INT,,0,,,,R10520,ns=4;s=上位机通讯|磁搅安全温度设置_上位机[0]
,磁搅安全温度设置_上位机[1],INT,,0,,,,R10521,ns=4;s=上位机通讯|磁搅安全温度设置_上位机[1]
,磁搅安全温度设置_上位机[2],INT,,0,,,,R10522,ns=4;s=上位机通讯|磁搅安全温度设置_上位机[2]
,磁搅安全温度设置_上位机[3],INT,,0,,,,R10523,ns=4;s=上位机通讯|磁搅安全温度设置_上位机[3]
,磁搅安全温度设置_上位机[4],INT,,0,,,,R10524,ns=4;s=上位机通讯|磁搅安全温度设置_上位机[4]
,磁搅安全温度设置_上位机[5],INT,,0,,,,R10525,ns=4;s=上位机通讯|磁搅安全温度设置_上位机[5]
44,S05准备信号,BOOL,,OFF,保持,公有,拍照工位机器人可取放料 PLC TO PC,R10530.0,ns=4;s=上位机通讯|S05准备信号
45,S05数据,INT[30],,...,保持,私有,S05 PC-PLC 照片命名,,ns=4;s=上位机通讯|S05数据
,S05数据[0],INT,,16705,,,,,ns=4;s=上位机通讯|S05数据[0]
,S05数据[1],INT,,16962,,,,,ns=4;s=上位机通讯|S05数据[1]
,S05数据[2],INT,,16705,,,,,ns=4;s=上位机通讯|S05数据[2]
,S05数据[3],INT,,16962,,,,,ns=4;s=上位机通讯|S05数据[3]
,S05数据[4],INT,,16705,,,,,ns=4;s=上位机通讯|S05数据[4]
,S05数据[5],INT,,16962,,,,,ns=4;s=上位机通讯|S05数据[5]
,S05数据[6],INT,,16705,,,,,ns=4;s=上位机通讯|S05数据[6]
,S05数据[7],INT,,16962,,,,,ns=4;s=上位机通讯|S05数据[7]
,S05数据[8],INT,,0,,,,,ns=4;s=上位机通讯|S05数据[8]
,S05数据[9],INT,,0,,,,,ns=4;s=上位机通讯|S05数据[9]
,S05数据[10],INT,,0,,,,,ns=4;s=上位机通讯|S05数据[10]
,S05数据[11],INT,,0,,,,,ns=4;s=上位机通讯|S05数据[11]
,S05数据[12],INT,,0,,,,,ns=4;s=上位机通讯|S05数据[12]
,S05数据[13],INT,,0,,,,,ns=4;s=上位机通讯|S05数据[13]
,S05数据[14],INT,,0,,,,,ns=4;s=上位机通讯|S05数据[14]
,S05数据[15],INT,,0,,,,,ns=4;s=上位机通讯|S05数据[15]
,S05数据[16],INT,,0,,,,,ns=4;s=上位机通讯|S05数据[16]
,S05数据[17],INT,,0,,,,,ns=4;s=上位机通讯|S05数据[17]
,S05数据[18],INT,,0,,,,,ns=4;s=上位机通讯|S05数据[18]
,S05数据[19],INT,,0,,,,,ns=4;s=上位机通讯|S05数据[19]
,S05数据[20],INT,,0,,,,,ns=4;s=上位机通讯|S05数据[20]
,S05数据[21],INT,,0,,,,,ns=4;s=上位机通讯|S05数据[21]
,S05数据[22],INT,,0,,,,,ns=4;s=上位机通讯|S05数据[22]
,S05数据[23],INT,,0,,,,,ns=4;s=上位机通讯|S05数据[23]
,S05数据[24],INT,,0,,,,,ns=4;s=上位机通讯|S05数据[24]
,S05数据[25],INT,,0,,,,,ns=4;s=上位机通讯|S05数据[25]
,S05数据[26],INT,,0,,,,,ns=4;s=上位机通讯|S05数据[26]
,S05数据[27],INT,,0,,,,,ns=4;s=上位机通讯|S05数据[27]
,S05数据[28],INT,,0,,,,,ns=4;s=上位机通讯|S05数据[28]
,S05数据[29],INT,,0,,,,,ns=4;s=上位机通讯|S05数据[29]
46,S05拍照结果,INT,,0,保持,公有,拍照1OK 2NG  PLC TO PC,R10531,ns=4;s=上位机通讯|S05拍照结果
47,S05加工完成,BOOL,,OFF,保持,公有,拍照工位完成 PLC TO PC,R10530.1,ns=4;s=上位机通讯|S05加工完成
48,S06准备信号,BOOL,,OFF,保持,公有,加溶液工位  PLC TO PC,R10540.0,ns=4;s=上位机通讯|S06准备信号
49,S06允许加工,BOOL,,OFF,保持,公有,加溶液工位  放料完成等待参数下发 PLC TO PC,R10540.1,ns=4;s=上位机通讯|S06允许加工
50,S06工艺选择,INT,,0,保持,公有,加溶液工位参数  PC TO PLC 1.只加1号溶液，2.只加2号溶液，3.1和2溶液都添加,,ns=4;s=上位机通讯|S06工艺选择
51,S06_1号溶液添加量,INT,,5,保持,公有,加溶液工位参数  PC TO PLC,,ns=4;s=上位机通讯|S06_1号溶液添加量
52,S06_2号溶液添加量,INT,,8,保持,公有,加溶液工位参数  PC TO PLC,,ns=4;s=上位机通讯|S06_2号溶液添加量
53,S06参数写入完成,BOOL,,OFF,保持,公有,加溶液工位  PC TO PLC,R10540.2,ns=4;s=上位机通讯|S06参数写入完成
54,S06加工完成,BOOL,,OFF,保持,公有,加溶液工位  PLC TO PC,R10540.3,ns=4;s=上位机通讯|S06加工完成
55,S08原点信号,BOOL,,OFF,保持,公有,S08开关盖工位-PLC TO PC,R10550.0,ns=4;s=上位机通讯|S08原点信号
56,S082瓶盖暂存位,INT,,0,保持,公有,取放瓶盖工位 PC TO PLC  1-5,R10552,ns=4;s=上位机通讯|S082瓶盖暂存位
57,S08允许加工,BOOL,,OFF,保持,公有,S08开关盖工位-PLC TO PC ,,ns=4;s=上位机通讯|S08允许加工
58,S08工艺选择,INT,,0,保持,公有,S08开关盖工位-PC TO PLC 1-6,,ns=4;s=上位机通讯|S08工艺选择
59,S08参数写入完成,BOOL,,OFF,保持,公有,S08开关盖工位-PC TO PLC,,ns=4;s=上位机通讯|S08参数写入完成
60,S08工艺完成,INT,,0,保持,公有,S08开关盖工位-PLC TO PC 1-6,,ns=4;s=上位机通讯|S08工艺完成
61,S082_1数据缓存,INT[30],,...,保持,公有,放瓶盖工位1二维码数据存放 PC-PLC,R10560,ns=4;s=上位机通讯|S082_1数据缓存
,S082_1数据缓存[0],INT,,0,,,,R10560,ns=4;s=上位机通讯|S082_1数据缓存[0]
,S082_1数据缓存[1],INT,,0,,,,R10561,ns=4;s=上位机通讯|S082_1数据缓存[1]
,S082_1数据缓存[2],INT,,0,,,,R10562,ns=4;s=上位机通讯|S082_1数据缓存[2]
,S082_1数据缓存[3],INT,,0,,,,R10563,ns=4;s=上位机通讯|S082_1数据缓存[3]
,S082_1数据缓存[4],INT,,0,,,,R10564,ns=4;s=上位机通讯|S082_1数据缓存[4]
,S082_1数据缓存[5],INT,,0,,,,R10565,ns=4;s=上位机通讯|S082_1数据缓存[5]
,S082_1数据缓存[6],INT,,0,,,,R10566,ns=4;s=上位机通讯|S082_1数据缓存[6]
,S082_1数据缓存[7],INT,,0,,,,R10567,ns=4;s=上位机通讯|S082_1数据缓存[7]
,S082_1数据缓存[8],INT,,0,,,,R10568,ns=4;s=上位机通讯|S082_1数据缓存[8]
,S082_1数据缓存[9],INT,,0,,,,R10569,ns=4;s=上位机通讯|S082_1数据缓存[9]
,S082_1数据缓存[10],INT,,0,,,,R10570,ns=4;s=上位机通讯|S082_1数据缓存[10]
,S082_1数据缓存[11],INT,,0,,,,R10571,ns=4;s=上位机通讯|S082_1数据缓存[11]
,S082_1数据缓存[12],INT,,0,,,,R10572,ns=4;s=上位机通讯|S082_1数据缓存[12]
,S082_1数据缓存[13],INT,,0,,,,R10573,ns=4;s=上位机通讯|S082_1数据缓存[13]
,S082_1数据缓存[14],INT,,0,,,,R10574,ns=4;s=上位机通讯|S082_1数据缓存[14]
,S082_1数据缓存[15],INT,,0,,,,R10575,ns=4;s=上位机通讯|S082_1数据缓存[15]
,S082_1数据缓存[16],INT,,0,,,,R10576,ns=4;s=上位机通讯|S082_1数据缓存[16]
,S082_1数据缓存[17],INT,,0,,,,R10577,ns=4;s=上位机通讯|S082_1数据缓存[17]
,S082_1数据缓存[18],INT,,0,,,,R10578,ns=4;s=上位机通讯|S082_1数据缓存[18]
,S082_1数据缓存[19],INT,,0,,,,R10579,ns=4;s=上位机通讯|S082_1数据缓存[19]
,S082_1数据缓存[20],INT,,0,,,,R10580,ns=4;s=上位机通讯|S082_1数据缓存[20]
,S082_1数据缓存[21],INT,,0,,,,R10581,ns=4;s=上位机通讯|S082_1数据缓存[21]
,S082_1数据缓存[22],INT,,0,,,,R10582,ns=4;s=上位机通讯|S082_1数据缓存[22]
,S082_1数据缓存[23],INT,,0,,,,R10583,ns=4;s=上位机通讯|S082_1数据缓存[23]
,S082_1数据缓存[24],INT,,0,,,,R10584,ns=4;s=上位机通讯|S082_1数据缓存[24]
,S082_1数据缓存[25],INT,,0,,,,R10585,ns=4;s=上位机通讯|S082_1数据缓存[25]
,S082_1数据缓存[26],INT,,0,,,,R10586,ns=4;s=上位机通讯|S082_1数据缓存[26]
,S082_1数据缓存[27],INT,,0,,,,R10587,ns=4;s=上位机通讯|S082_1数据缓存[27]
,S082_1数据缓存[28],INT,,0,,,,R10588,ns=4;s=上位机通讯|S082_1数据缓存[28]
,S082_1数据缓存[29],INT,,0,,,,R10589,ns=4;s=上位机通讯|S082_1数据缓存[29]
62,S082_2数据缓存,INT[30],,...,保持,公有,放瓶盖工位2二维码数据存放 PC-PLC,R10590,ns=4;s=上位机通讯|S082_2数据缓存
,S082_2数据缓存[0],INT,,0,,,,R10590,ns=4;s=上位机通讯|S082_2数据缓存[0]
,S082_2数据缓存[1],INT,,0,,,,R10591,ns=4;s=上位机通讯|S082_2数据缓存[1]
,S082_2数据缓存[2],INT,,0,,,,R10592,ns=4;s=上位机通讯|S082_2数据缓存[2]
,S082_2数据缓存[3],INT,,0,,,,R10593,ns=4;s=上位机通讯|S082_2数据缓存[3]
,S082_2数据缓存[4],INT,,0,,,,R10594,ns=4;s=上位机通讯|S082_2数据缓存[4]
,S082_2数据缓存[5],INT,,0,,,,R10595,ns=4;s=上位机通讯|S082_2数据缓存[5]
,S082_2数据缓存[6],INT,,0,,,,R10596,ns=4;s=上位机通讯|S082_2数据缓存[6]
,S082_2数据缓存[7],INT,,0,,,,R10597,ns=4;s=上位机通讯|S082_2数据缓存[7]
,S082_2数据缓存[8],INT,,0,,,,R10598,ns=4;s=上位机通讯|S082_2数据缓存[8]
,S082_2数据缓存[9],INT,,0,,,,R10599,ns=4;s=上位机通讯|S082_2数据缓存[9]
,S082_2数据缓存[10],INT,,0,,,,R10600,ns=4;s=上位机通讯|S082_2数据缓存[10]
,S082_2数据缓存[11],INT,,0,,,,R10601,ns=4;s=上位机通讯|S082_2数据缓存[11]
,S082_2数据缓存[12],INT,,0,,,,R10602,ns=4;s=上位机通讯|S082_2数据缓存[12]
,S082_2数据缓存[13],INT,,0,,,,R10603,ns=4;s=上位机通讯|S082_2数据缓存[13]
,S082_2数据缓存[14],INT,,0,,,,R10604,ns=4;s=上位机通讯|S082_2数据缓存[14]
,S082_2数据缓存[15],INT,,0,,,,R10605,ns=4;s=上位机通讯|S082_2数据缓存[15]
,S082_2数据缓存[16],INT,,0,,,,R10606,ns=4;s=上位机通讯|S082_2数据缓存[16]
,S082_2数据缓存[17],INT,,0,,,,R10607,ns=4;s=上位机通讯|S082_2数据缓存[17]
,S082_2数据缓存[18],INT,,0,,,,R10608,ns=4;s=上位机通讯|S082_2数据缓存[18]
,S082_2数据缓存[19],INT,,0,,,,R10609,ns=4;s=上位机通讯|S082_2数据缓存[19]
,S082_2数据缓存[20],INT,,0,,,,R10610,ns=4;s=上位机通讯|S082_2数据缓存[20]
,S082_2数据缓存[21],INT,,0,,,,R10611,ns=4;s=上位机通讯|S082_2数据缓存[21]
,S082_2数据缓存[22],INT,,0,,,,R10612,ns=4;s=上位机通讯|S082_2数据缓存[22]
,S082_2数据缓存[23],INT,,0,,,,R10613,ns=4;s=上位机通讯|S082_2数据缓存[23]
,S082_2数据缓存[24],INT,,0,,,,R10614,ns=4;s=上位机通讯|S082_2数据缓存[24]
,S082_2数据缓存[25],INT,,0,,,,R10615,ns=4;s=上位机通讯|S082_2数据缓存[25]
,S082_2数据缓存[26],INT,,0,,,,R10616,ns=4;s=上位机通讯|S082_2数据缓存[26]
,S082_2数据缓存[27],INT,,0,,,,R10617,ns=4;s=上位机通讯|S082_2数据缓存[27]
,S082_2数据缓存[28],INT,,0,,,,R10618,ns=4;s=上位机通讯|S082_2数据缓存[28]
,S082_2数据缓存[29],INT,,0,,,,R10619,ns=4;s=上位机通讯|S082_2数据缓存[29]
63,S082_3数据缓存,INT[30],,...,保持,公有,放瓶盖工位3二维码数据存放 PC-PLC,R10620,ns=4;s=上位机通讯|S082_3数据缓存
,S082_3数据缓存[0],INT,,0,,,,R10620,ns=4;s=上位机通讯|S082_3数据缓存[0]
,S082_3数据缓存[1],INT,,0,,,,R10621,ns=4;s=上位机通讯|S082_3数据缓存[1]
,S082_3数据缓存[2],INT,,0,,,,R10622,ns=4;s=上位机通讯|S082_3数据缓存[2]
,S082_3数据缓存[3],INT,,0,,,,R10623,ns=4;s=上位机通讯|S082_3数据缓存[3]
,S082_3数据缓存[4],INT,,0,,,,R10624,ns=4;s=上位机通讯|S082_3数据缓存[4]
,S082_3数据缓存[5],INT,,0,,,,R10625,ns=4;s=上位机通讯|S082_3数据缓存[5]
,S082_3数据缓存[6],INT,,0,,,,R10626,ns=4;s=上位机通讯|S082_3数据缓存[6]
,S082_3数据缓存[7],INT,,0,,,,R10627,ns=4;s=上位机通讯|S082_3数据缓存[7]
,S082_3数据缓存[8],INT,,0,,,,R10628,ns=4;s=上位机通讯|S082_3数据缓存[8]
,S082_3数据缓存[9],INT,,0,,,,R10629,ns=4;s=上位机通讯|S082_3数据缓存[9]
,S082_3数据缓存[10],INT,,0,,,,R10630,ns=4;s=上位机通讯|S082_3数据缓存[10]
,S082_3数据缓存[11],INT,,0,,,,R10631,ns=4;s=上位机通讯|S082_3数据缓存[11]
,S082_3数据缓存[12],INT,,0,,,,R10632,ns=4;s=上位机通讯|S082_3数据缓存[12]
,S082_3数据缓存[13],INT,,0,,,,R10633,ns=4;s=上位机通讯|S082_3数据缓存[13]
,S082_3数据缓存[14],INT,,0,,,,R10634,ns=4;s=上位机通讯|S082_3数据缓存[14]
,S082_3数据缓存[15],INT,,0,,,,R10635,ns=4;s=上位机通讯|S082_3数据缓存[15]
,S082_3数据缓存[16],INT,,0,,,,R10636,ns=4;s=上位机通讯|S082_3数据缓存[16]
,S082_3数据缓存[17],INT,,0,,,,R10637,ns=4;s=上位机通讯|S082_3数据缓存[17]
,S082_3数据缓存[18],INT,,0,,,,R10638,ns=4;s=上位机通讯|S082_3数据缓存[18]
,S082_3数据缓存[19],INT,,0,,,,R10639,ns=4;s=上位机通讯|S082_3数据缓存[19]
,S082_3数据缓存[20],INT,,0,,,,R10640,ns=4;s=上位机通讯|S082_3数据缓存[20]
,S082_3数据缓存[21],INT,,0,,,,R10641,ns=4;s=上位机通讯|S082_3数据缓存[21]
,S082_3数据缓存[22],INT,,0,,,,R10642,ns=4;s=上位机通讯|S082_3数据缓存[22]
,S082_3数据缓存[23],INT,,0,,,,R10643,ns=4;s=上位机通讯|S082_3数据缓存[23]
,S082_3数据缓存[24],INT,,0,,,,R10644,ns=4;s=上位机通讯|S082_3数据缓存[24]
,S082_3数据缓存[25],INT,,0,,,,R10645,ns=4;s=上位机通讯|S082_3数据缓存[25]
,S082_3数据缓存[26],INT,,0,,,,R10646,ns=4;s=上位机通讯|S082_3数据缓存[26]
,S082_3数据缓存[27],INT,,0,,,,R10647,ns=4;s=上位机通讯|S082_3数据缓存[27]
,S082_3数据缓存[28],INT,,0,,,,R10648,ns=4;s=上位机通讯|S082_3数据缓存[28]
,S082_3数据缓存[29],INT,,0,,,,R10649,ns=4;s=上位机通讯|S082_3数据缓存[29]
64,S082_4数据缓存,INT[30],,...,保持,公有,放瓶盖工位4二维码数据存放 PC-PLC,R10650,ns=4;s=上位机通讯|S082_4数据缓存
,S082_4数据缓存[0],INT,,0,,,,R10650,ns=4;s=上位机通讯|S082_4数据缓存[0]
,S082_4数据缓存[1],INT,,0,,,,R10651,ns=4;s=上位机通讯|S082_4数据缓存[1]
,S082_4数据缓存[2],INT,,0,,,,R10652,ns=4;s=上位机通讯|S082_4数据缓存[2]
,S082_4数据缓存[3],INT,,0,,,,R10653,ns=4;s=上位机通讯|S082_4数据缓存[3]
,S082_4数据缓存[4],INT,,0,,,,R10654,ns=4;s=上位机通讯|S082_4数据缓存[4]
,S082_4数据缓存[5],INT,,0,,,,R10655,ns=4;s=上位机通讯|S082_4数据缓存[5]
,S082_4数据缓存[6],INT,,0,,,,R10656,ns=4;s=上位机通讯|S082_4数据缓存[6]
,S082_4数据缓存[7],INT,,0,,,,R10657,ns=4;s=上位机通讯|S082_4数据缓存[7]
,S082_4数据缓存[8],INT,,0,,,,R10658,ns=4;s=上位机通讯|S082_4数据缓存[8]
,S082_4数据缓存[9],INT,,0,,,,R10659,ns=4;s=上位机通讯|S082_4数据缓存[9]
,S082_4数据缓存[10],INT,,0,,,,R10660,ns=4;s=上位机通讯|S082_4数据缓存[10]
,S082_4数据缓存[11],INT,,0,,,,R10661,ns=4;s=上位机通讯|S082_4数据缓存[11]
,S082_4数据缓存[12],INT,,0,,,,R10662,ns=4;s=上位机通讯|S082_4数据缓存[12]
,S082_4数据缓存[13],INT,,0,,,,R10663,ns=4;s=上位机通讯|S082_4数据缓存[13]
,S082_4数据缓存[14],INT,,0,,,,R10664,ns=4;s=上位机通讯|S082_4数据缓存[14]
,S082_4数据缓存[15],INT,,0,,,,R10665,ns=4;s=上位机通讯|S082_4数据缓存[15]
,S082_4数据缓存[16],INT,,0,,,,R10666,ns=4;s=上位机通讯|S082_4数据缓存[16]
,S082_4数据缓存[17],INT,,0,,,,R10667,ns=4;s=上位机通讯|S082_4数据缓存[17]
,S082_4数据缓存[18],INT,,0,,,,R10668,ns=4;s=上位机通讯|S082_4数据缓存[18]
,S082_4数据缓存[19],INT,,0,,,,R10669,ns=4;s=上位机通讯|S082_4数据缓存[19]
,S082_4数据缓存[20],INT,,0,,,,R10670,ns=4;s=上位机通讯|S082_4数据缓存[20]
,S082_4数据缓存[21],INT,,0,,,,R10671,ns=4;s=上位机通讯|S082_4数据缓存[21]
,S082_4数据缓存[22],INT,,0,,,,R10672,ns=4;s=上位机通讯|S082_4数据缓存[22]
,S082_4数据缓存[23],INT,,0,,,,R10673,ns=4;s=上位机通讯|S082_4数据缓存[23]
,S082_4数据缓存[24],INT,,0,,,,R10674,ns=4;s=上位机通讯|S082_4数据缓存[24]
,S082_4数据缓存[25],INT,,0,,,,R10675,ns=4;s=上位机通讯|S082_4数据缓存[25]
,S082_4数据缓存[26],INT,,0,,,,R10676,ns=4;s=上位机通讯|S082_4数据缓存[26]
,S082_4数据缓存[27],INT,,0,,,,R10677,ns=4;s=上位机通讯|S082_4数据缓存[27]
,S082_4数据缓存[28],INT,,0,,,,R10678,ns=4;s=上位机通讯|S082_4数据缓存[28]
,S082_4数据缓存[29],INT,,0,,,,R10679,ns=4;s=上位机通讯|S082_4数据缓存[29]
65,S082_5数据缓存,INT[30],,...,保持,公有,放瓶盖工位5二维码数据存放 PC-PLC,R10680,ns=4;s=上位机通讯|S082_5数据缓存
,S082_5数据缓存[0],INT,,0,,,,R10680,ns=4;s=上位机通讯|S082_5数据缓存[0]
,S082_5数据缓存[1],INT,,0,,,,R10681,ns=4;s=上位机通讯|S082_5数据缓存[1]
,S082_5数据缓存[2],INT,,0,,,,R10682,ns=4;s=上位机通讯|S082_5数据缓存[2]
,S082_5数据缓存[3],INT,,0,,,,R10683,ns=4;s=上位机通讯|S082_5数据缓存[3]
,S082_5数据缓存[4],INT,,0,,,,R10684,ns=4;s=上位机通讯|S082_5数据缓存[4]
,S082_5数据缓存[5],INT,,0,,,,R10685,ns=4;s=上位机通讯|S082_5数据缓存[5]
,S082_5数据缓存[6],INT,,0,,,,R10686,ns=4;s=上位机通讯|S082_5数据缓存[6]
,S082_5数据缓存[7],INT,,0,,,,R10687,ns=4;s=上位机通讯|S082_5数据缓存[7]
,S082_5数据缓存[8],INT,,0,,,,R10688,ns=4;s=上位机通讯|S082_5数据缓存[8]
,S082_5数据缓存[9],INT,,0,,,,R10689,ns=4;s=上位机通讯|S082_5数据缓存[9]
,S082_5数据缓存[10],INT,,0,,,,R10690,ns=4;s=上位机通讯|S082_5数据缓存[10]
,S082_5数据缓存[11],INT,,0,,,,R10691,ns=4;s=上位机通讯|S082_5数据缓存[11]
,S082_5数据缓存[12],INT,,0,,,,R10692,ns=4;s=上位机通讯|S082_5数据缓存[12]
,S082_5数据缓存[13],INT,,0,,,,R10693,ns=4;s=上位机通讯|S082_5数据缓存[13]
,S082_5数据缓存[14],INT,,0,,,,R10694,ns=4;s=上位机通讯|S082_5数据缓存[14]
,S082_5数据缓存[15],INT,,0,,,,R10695,ns=4;s=上位机通讯|S082_5数据缓存[15]
,S082_5数据缓存[16],INT,,0,,,,R10696,ns=4;s=上位机通讯|S082_5数据缓存[16]
,S082_5数据缓存[17],INT,,0,,,,R10697,ns=4;s=上位机通讯|S082_5数据缓存[17]
,S082_5数据缓存[18],INT,,0,,,,R10698,ns=4;s=上位机通讯|S082_5数据缓存[18]
,S082_5数据缓存[19],INT,,0,,,,R10699,ns=4;s=上位机通讯|S082_5数据缓存[19]
,S082_5数据缓存[20],INT,,0,,,,R10700,ns=4;s=上位机通讯|S082_5数据缓存[20]
,S082_5数据缓存[21],INT,,0,,,,R10701,ns=4;s=上位机通讯|S082_5数据缓存[21]
,S082_5数据缓存[22],INT,,0,,,,R10702,ns=4;s=上位机通讯|S082_5数据缓存[22]
,S082_5数据缓存[23],INT,,0,,,,R10703,ns=4;s=上位机通讯|S082_5数据缓存[23]
,S082_5数据缓存[24],INT,,0,,,,R10704,ns=4;s=上位机通讯|S082_5数据缓存[24]
,S082_5数据缓存[25],INT,,0,,,,R10705,ns=4;s=上位机通讯|S082_5数据缓存[25]
,S082_5数据缓存[26],INT,,0,,,,R10706,ns=4;s=上位机通讯|S082_5数据缓存[26]
,S082_5数据缓存[27],INT,,0,,,,R10707,ns=4;s=上位机通讯|S082_5数据缓存[27]
,S082_5数据缓存[28],INT,,0,,,,R10708,ns=4;s=上位机通讯|S082_5数据缓存[28]
,S082_5数据缓存[29],INT,,0,,,,R10709,ns=4;s=上位机通讯|S082_5数据缓存[29]
66,S09原点信号_1,BOOL,,OFF,保持,公有,加液工位-PLC TO PC,R10800.0,ns=4;s=上位机通讯|S09原点信号_1
67,S09原点信号_2,BOOL,,OFF,保持,公有,加液工位-PLC TO PC,R10800.1,ns=4;s=上位机通讯|S09原点信号_2
68,S09原点信号_3,BOOL,,OFF,保持,公有,加液工位-PLC TO PC,R10800.2,ns=4;s=上位机通讯|S09原点信号_3
69,S09原点信号_4,BOOL,,OFF,保持,公有,加液工位-PLC TO PC,R10800.3,ns=4;s=上位机通讯|S09原点信号_4
70,S09允许加工,BOOL,,OFF,不保持,私有,加液工位-PLC TO PC,,ns=4;s=上位机通讯|S09允许加工
71,S09工艺选择,INT,,0,保持,公有,加液工位-PC TO PLC,R10801,ns=4;s=上位机通讯|S09工艺选择
72,S09参数写入完成,BOOL,,OFF,保持,私有,加液工位-PC TO PLC,,ns=4;s=上位机通讯|S09参数写入完成
73,S09工艺完成,INT,,0,保持,公有,加液工位-PLC TO PC,R10802,ns=4;s=上位机通讯|S09工艺完成
74,S09TIP盒工位编号,INT,,0,保持,公有,加液工位-PC TO PLC,R10804,ns=4;s=上位机通讯|S09TIP盒工位编号
75,S09TIP编号,INT,,0,保持,公有,加液工位-PC TO PLC,R10805,ns=4;s=上位机通讯|S09TIP编号
76,S09液体瓶编号,INT,,0,保持,公有,加液工位-PC TO PLC,R10806,ns=4;s=上位机通讯|S09液体瓶编号
77,S09抽液量,INT,,0,保持,公有,加液工位-PC TO PLC,R10807,ns=4;s=上位机通讯|S09抽液量
78,S09放液量,INT,,0,保持,公有,加液工位-PC TO PLC,R10808,ns=4;s=上位机通讯|S09放液量
79,S09天平读数稳定,BOOL,,OFF,不保持,私有,加液工位-PLC TO PC,,ns=4;s=上位机通讯|S09天平读数稳定
80,S09天平读数,REAL,,0.000000,保持,公有,加液工位-PLC TO PC,R10810,ns=4;s=上位机通讯|S09天平读数
81,S09液体瓶1剩余液量,REAL,,0.000000,保持,公有,加液工位-PC TO PLC,R10812,ns=4;s=上位机通讯|S09液体瓶1剩余液量
82,S09液体瓶2剩余液量,REAL,,0.000000,保持,公有,加液工位-PC TO PLC,R10814,ns=4;s=上位机通讯|S09液体瓶2剩余液量
83,S09液体瓶3剩余液量,REAL,,0.000000,保持,公有,加液工位-PC TO PLC,R10816,ns=4;s=上位机通讯|S09液体瓶3剩余液量
84,S09液体瓶4剩余液量,REAL,,0.000000,保持,公有,加液工位-PC TO PLC,R10818,ns=4;s=上位机通讯|S09液体瓶4剩余液量
85,S09液体瓶5剩余液量,REAL,,0.000000,保持,公有,加液工位-PC TO PLC,R10820,ns=4;s=上位机通讯|S09液体瓶5剩余液量
86,工站状态,INT[12],,...,保持,公有,,R10830,ns=4;s=上位机通讯|工站状态
,工站状态[0],INT,,0,,,S01状态 PLC TO PC 0报警中，1未准备好，2准备好，3运行中，4单循环中，5寸动中，6初始化中,R10830,ns=4;s=上位机通讯|工站状态[0]
,工站状态[1],INT,,0,,,S02状态 PLC TO PC 0报警中，1未准备好，2准备好，3运行中，4单循环中，5寸动中，6初始化中,R10831,ns=4;s=上位机通讯|工站状态[1]
,工站状态[2],INT,,0,,,S03状态 PLC TO PC 0报警中，1未准备好，2准备好，3运行中，4单循环中，5寸动中，6初始化中,R10832,ns=4;s=上位机通讯|工站状态[2]
,工站状态[3],INT,,0,,,S04状态 PLC TO PC 0报警中，1未准备好，2准备好，3运行中，4单循环中，5寸动中，6初始化中,R10833,ns=4;s=上位机通讯|工站状态[3]
,工站状态[4],INT,,0,,,S05状态 PLC TO PC 0报警中，1未准备好，2准备好，3运行中，4单循环中，5寸动中，6初始化中,R10834,ns=4;s=上位机通讯|工站状态[4]
,工站状态[5],INT,,0,,,S06状态 PLC TO PC 0报警中，1未准备好，2准备好，3运行中，4单循环中，5寸动中，6初始化中,R10835,ns=4;s=上位机通讯|工站状态[5]
,工站状态[6],INT,,0,,,S07状态 PLC TO PC 0报警中，1未准备好，2准备好，3运行中，4单循环中，5寸动中，6初始化中,R10836,ns=4;s=上位机通讯|工站状态[6]
,工站状态[7],INT,,0,,,S08状态 PLC TO PC 0报警中，1未准备好，2准备好，3运行中，4单循环中，5寸动中，6初始化中,R10837,ns=4;s=上位机通讯|工站状态[7]
,工站状态[8],INT,,0,,,S09状态 PLC TO PC 0报警中，1未准备好，2准备好，3运行中，4单循环中，5寸动中，6初始化中,R10838,ns=4;s=上位机通讯|工站状态[8]
,工站状态[9],INT,,0,,,S10状态 PLC TO PC 0报警中，1未准备好，2准备好，3运行中，4单循环中，5寸动中，6初始化中,R10839,ns=4;s=上位机通讯|工站状态[9]
,工站状态[10],INT,,0,,,S11状态 PLC TO PC 0报警中，1未准备好，2准备好，3运行中，4单循环中，5寸动中，6初始化中,R10840,ns=4;s=上位机通讯|工站状态[10]
,工站状态[11],INT,,0,,,S12状态 PLC TO PC 0报警中，1未准备好，2准备好，3运行中，4单循环中，5寸动中，6初始化中,R10841,ns=4;s=上位机通讯|工站状态[11]
87,PLC_R任务号,INT,,0,保持,公有,,,ns=4;s=上位机通讯|PLC_R任务号
88,S01取放料编号,INT,,0,保持,公有,PC-PLC,,ns=4;s=上位机通讯|S01取放料编号
89,S01出入料产品,INT,,0,保持,公有,PC-PLC ,,ns=4;s=上位机通讯|S01出入料产品
90,S02取放料编号,INT,,0,保持,公有,PC-PLC,,ns=4;s=上位机通讯|S02取放料编号
91,S03取放料产品,INT,,0,保持,公有,PC-PLC  ,,ns=4;s=上位机通讯|S03取放料产品
92,S03取放料编号,INT,,0,保持,公有,PC-PLC  ,,ns=4;s=上位机通讯|S03取放料编号
93,S04取放料编号,INT,,0,保持,公有,PC-PLC  ,,ns=4;s=上位机通讯|S04取放料编号
94,S071取放料编号,INT,,0,保持,公有,PC-PLC  ,,ns=4;s=上位机通讯|S071取放料编号
95,S072取放料产品,INT,,0,保持,公有,PC-PLC  ,,ns=4;s=上位机通讯|S072取放料产品
96,S08取放料产品,INT,,0,保持,公有,PC-PLC  ,,ns=4;s=上位机通讯|S08取放料产品
97,S08取放料编号,INT,,0,保持,公有,PC-PLC  ,,ns=4;s=上位机通讯|S08取放料编号
98,S09取放料产品,INT,,0,保持,公有,PC-PLC  ,,ns=4;s=上位机通讯|S09取放料产品
99,S09取放料编号,INT,,0,保持,公有,PC-PLC  ,,ns=4;s=上位机通讯|S09取放料编号
100,S10取放料编号,INT,,0,保持,公有,PC-PLC  ,,ns=4;s=上位机通讯|S10取放料编号
101,S11取放料产品,INT,,0,保持,公有,PC-PLC  ,,ns=4;s=上位机通讯|S11取放料产品
102,S11取放料编号,INT,,0,保持,公有,PC-PLC  ,,ns=4;s=上位机通讯|S11取放料编号
103,S07原点信号,BOOL,,OFF,保持,公有,PC-PLC 机器人可以取放料,,ns=4;s=上位机通讯|S07原点信号
104,S07允许加工,BOOL,,OFF,保持,公有,PLC-PC,,ns=4;s=上位机通讯|S07允许加工
105,S07工艺选择,INT,,0,保持,公有,PC-PLC 1.粉罐扫码盘点 2.替换粉罐旋转到进料位 3.注粉,,ns=4;s=上位机通讯|S07工艺选择
106,S07参数写入完成,BOOL,,OFF,保持,公有,PC-PLC ,,ns=4;s=上位机通讯|S07参数写入完成
107,S07工艺完成,INT,,0,保持,公有,PLC-PC,,ns=4;s=上位机通讯|S07工艺完成
108,S07上下料位置,INT,,0,保持,公有,PC-PLC 机器人取放料粉罐位,,ns=4;s=上位机通讯|S07上下料位置
109,S07粗注粉位置号,INT,,0,不保持,公有,PC-PLC 注粉位置号,,ns=4;s=上位机通讯|S07粗注粉位置号
110,S07精注粉位置号,INT,,0,不保持,公有,PC-PLC 注粉位置号,,ns=4;s=上位机通讯|S07精注粉位置号
111,S07注粉重量,REAL,,0.000000,不保持,公有,PC-PLC ,,ns=4;s=上位机通讯|S07注粉重量
112,S07_粗注粉开口量,INT[5],,...,不保持,公有,PC-PLC ,,ns=4;s=上位机通讯|S07_粗注粉开口量
,S07_粗注粉开口量[0],INT,,0,,,,,ns=4;s=上位机通讯|S07_粗注粉开口量[0]
,S07_粗注粉开口量[1],INT,,0,,,,,ns=4;s=上位机通讯|S07_粗注粉开口量[1]
,S07_粗注粉开口量[2],INT,,0,,,,,ns=4;s=上位机通讯|S07_粗注粉开口量[2]
,S07_粗注粉开口量[3],INT,,0,,,,,ns=4;s=上位机通讯|S07_粗注粉开口量[3]
,S07_粗注粉开口量[4],INT,,0,,,,,ns=4;s=上位机通讯|S07_粗注粉开口量[4]
113,S07_粗注粉落粉匀速,REAL[5],,...,不保持,公有,PC-PLC ,,ns=4;s=上位机通讯|S07_粗注粉落粉匀速
,S07_粗注粉落粉匀速[0],REAL,,0.000000,,,,,ns=4;s=上位机通讯|S07_粗注粉落粉匀速[0]
,S07_粗注粉落粉匀速[1],REAL,,0.000000,,,,,ns=4;s=上位机通讯|S07_粗注粉落粉匀速[1]
,S07_粗注粉落粉匀速[2],REAL,,0.000000,,,,,ns=4;s=上位机通讯|S07_粗注粉落粉匀速[2]
,S07_粗注粉落粉匀速[3],REAL,,0.000000,,,,,ns=4;s=上位机通讯|S07_粗注粉落粉匀速[3]
,S07_粗注粉落粉匀速[4],REAL,,0.000000,,,,,ns=4;s=上位机通讯|S07_粗注粉落粉匀速[4]
114,S07_粗注粉旋转速度,INT[5],,...,不保持,公有,PC-PLC ,,ns=4;s=上位机通讯|S07_粗注粉旋转速度
,S07_粗注粉旋转速度[0],INT,,0,,,,,ns=4;s=上位机通讯|S07_粗注粉旋转速度[0]
,S07_粗注粉旋转速度[1],INT,,0,,,,,ns=4;s=上位机通讯|S07_粗注粉旋转速度[1]
,S07_粗注粉旋转速度[2],INT,,0,,,,,ns=4;s=上位机通讯|S07_粗注粉旋转速度[2]
,S07_粗注粉旋转速度[3],INT,,0,,,,,ns=4;s=上位机通讯|S07_粗注粉旋转速度[3]
,S07_粗注粉旋转速度[4],INT,,0,,,,,ns=4;s=上位机通讯|S07_粗注粉旋转速度[4]
115,S07_粗注粉提请停止量,DINT[5],,...,不保持,公有,PC-PLC ,,ns=4;s=上位机通讯|S07_粗注粉提请停止量
,S07_粗注粉提请停止量[0],DINT,,0,,,,,ns=4;s=上位机通讯|S07_粗注粉提请停止量[0]
,S07_粗注粉提请停止量[1],DINT,,0,,,,,ns=4;s=上位机通讯|S07_粗注粉提请停止量[1]
,S07_粗注粉提请停止量[2],DINT,,0,,,,,ns=4;s=上位机通讯|S07_粗注粉提请停止量[2]
,S07_粗注粉提请停止量[3],DINT,,0,,,,,ns=4;s=上位机通讯|S07_粗注粉提请停止量[3]
,S07_粗注粉提请停止量[4],DINT,,0,,,,,ns=4;s=上位机通讯|S07_粗注粉提请停止量[4]
116,S07_粗注粉震荡最高速度,INT,,0,不保持,公有,PC-PLC ,,ns=4;s=上位机通讯|S07_粗注粉震荡最高速度
117,S07_精注粉开口量,INT[5],,...,不保持,公有,PC-PLC ,,ns=4;s=上位机通讯|S07_精注粉开口量
,S07_精注粉开口量[0],INT,,0,,,,,ns=4;s=上位机通讯|S07_精注粉开口量[0]
,S07_精注粉开口量[1],INT,,0,,,,,ns=4;s=上位机通讯|S07_精注粉开口量[1]
,S07_精注粉开口量[2],INT,,0,,,,,ns=4;s=上位机通讯|S07_精注粉开口量[2]
,S07_精注粉开口量[3],INT,,0,,,,,ns=4;s=上位机通讯|S07_精注粉开口量[3]
,S07_精注粉开口量[4],INT,,0,,,,,ns=4;s=上位机通讯|S07_精注粉开口量[4]
118,S07_精注粉落粉匀速,REAL[5],,...,不保持,公有,PC-PLC ,,ns=4;s=上位机通讯|S07_精注粉落粉匀速
,S07_精注粉落粉匀速[0],REAL,,0.000000,,,,,ns=4;s=上位机通讯|S07_精注粉落粉匀速[0]
,S07_精注粉落粉匀速[1],REAL,,0.000000,,,,,ns=4;s=上位机通讯|S07_精注粉落粉匀速[1]
,S07_精注粉落粉匀速[2],REAL,,0.000000,,,,,ns=4;s=上位机通讯|S07_精注粉落粉匀速[2]
,S07_精注粉落粉匀速[3],REAL,,0.000000,,,,,ns=4;s=上位机通讯|S07_精注粉落粉匀速[3]
,S07_精注粉落粉匀速[4],REAL,,0.000000,,,,,ns=4;s=上位机通讯|S07_精注粉落粉匀速[4]
119,S07_精注粉旋转速度,INT[5],,...,不保持,公有,PC-PLC ,,ns=4;s=上位机通讯|S07_精注粉旋转速度
,S07_精注粉旋转速度[0],INT,,0,,,,,ns=4;s=上位机通讯|S07_精注粉旋转速度[0]
,S07_精注粉旋转速度[1],INT,,0,,,,,ns=4;s=上位机通讯|S07_精注粉旋转速度[1]
,S07_精注粉旋转速度[2],INT,,0,,,,,ns=4;s=上位机通讯|S07_精注粉旋转速度[2]
,S07_精注粉旋转速度[3],INT,,0,,,,,ns=4;s=上位机通讯|S07_精注粉旋转速度[3]
,S07_精注粉旋转速度[4],INT,,0,,,,,ns=4;s=上位机通讯|S07_精注粉旋转速度[4]
120,S07_精注粉提请停止量,DINT[5],,...,不保持,公有,PC-PLC ,,ns=4;s=上位机通讯|S07_精注粉提请停止量
,S07_精注粉提请停止量[0],DINT,,0,,,,,ns=4;s=上位机通讯|S07_精注粉提请停止量[0]
,S07_精注粉提请停止量[1],DINT,,0,,,,,ns=4;s=上位机通讯|S07_精注粉提请停止量[1]
,S07_精注粉提请停止量[2],DINT,,0,,,,,ns=4;s=上位机通讯|S07_精注粉提请停止量[2]
,S07_精注粉提请停止量[3],DINT,,0,,,,,ns=4;s=上位机通讯|S07_精注粉提请停止量[3]
,S07_精注粉提请停止量[4],DINT,,0,,,,,ns=4;s=上位机通讯|S07_精注粉提请停止量[4]
121,S07_精注粉震荡最高速度,INT,,0,不保持,公有,PC-PLC ,,ns=4;s=上位机通讯|S07_精注粉震荡最高速度
122,S07位置1二维码,INT[30],,...,不保持,公有,PLC-PC,,ns=4;s=上位机通讯|S07位置1二维码
,S07位置1二维码[0],INT,,0,,,,,ns=4;s=上位机通讯|S07位置1二维码[0]
,S07位置1二维码[1],INT,,0,,,,,ns=4;s=上位机通讯|S07位置1二维码[1]
,S07位置1二维码[2],INT,,0,,,,,ns=4;s=上位机通讯|S07位置1二维码[2]
,S07位置1二维码[3],INT,,0,,,,,ns=4;s=上位机通讯|S07位置1二维码[3]
,S07位置1二维码[4],INT,,0,,,,,ns=4;s=上位机通讯|S07位置1二维码[4]
,S07位置1二维码[5],INT,,0,,,,,ns=4;s=上位机通讯|S07位置1二维码[5]
,S07位置1二维码[6],INT,,0,,,,,ns=4;s=上位机通讯|S07位置1二维码[6]
,S07位置1二维码[7],INT,,0,,,,,ns=4;s=上位机通讯|S07位置1二维码[7]
,S07位置1二维码[8],INT,,0,,,,,ns=4;s=上位机通讯|S07位置1二维码[8]
,S07位置1二维码[9],INT,,0,,,,,ns=4;s=上位机通讯|S07位置1二维码[9]
,S07位置1二维码[10],INT,,0,,,,,ns=4;s=上位机通讯|S07位置1二维码[10]
,S07位置1二维码[11],INT,,0,,,,,ns=4;s=上位机通讯|S07位置1二维码[11]
,S07位置1二维码[12],INT,,0,,,,,ns=4;s=上位机通讯|S07位置1二维码[12]
,S07位置1二维码[13],INT,,0,,,,,ns=4;s=上位机通讯|S07位置1二维码[13]
,S07位置1二维码[14],INT,,0,,,,,ns=4;s=上位机通讯|S07位置1二维码[14]
,S07位置1二维码[15],INT,,0,,,,,ns=4;s=上位机通讯|S07位置1二维码[15]
,S07位置1二维码[16],INT,,0,,,,,ns=4;s=上位机通讯|S07位置1二维码[16]
,S07位置1二维码[17],INT,,0,,,,,ns=4;s=上位机通讯|S07位置1二维码[17]
,S07位置1二维码[18],INT,,0,,,,,ns=4;s=上位机通讯|S07位置1二维码[18]
,S07位置1二维码[19],INT,,0,,,,,ns=4;s=上位机通讯|S07位置1二维码[19]
,S07位置1二维码[20],INT,,0,,,,,ns=4;s=上位机通讯|S07位置1二维码[20]
,S07位置1二维码[21],INT,,0,,,,,ns=4;s=上位机通讯|S07位置1二维码[21]
,S07位置1二维码[22],INT,,0,,,,,ns=4;s=上位机通讯|S07位置1二维码[22]
,S07位置1二维码[23],INT,,0,,,,,ns=4;s=上位机通讯|S07位置1二维码[23]
,S07位置1二维码[24],INT,,0,,,,,ns=4;s=上位机通讯|S07位置1二维码[24]
,S07位置1二维码[25],INT,,0,,,,,ns=4;s=上位机通讯|S07位置1二维码[25]
,S07位置1二维码[26],INT,,0,,,,,ns=4;s=上位机通讯|S07位置1二维码[26]
,S07位置1二维码[27],INT,,0,,,,,ns=4;s=上位机通讯|S07位置1二维码[27]
,S07位置1二维码[28],INT,,0,,,,,ns=4;s=上位机通讯|S07位置1二维码[28]
,S07位置1二维码[29],INT,,0,,,,,ns=4;s=上位机通讯|S07位置1二维码[29]
123,S07位置2二维码,INT[30],,...,不保持,公有,PLC-PC,,ns=4;s=上位机通讯|S07位置2二维码
,S07位置2二维码[0],INT,,0,,,,,ns=4;s=上位机通讯|S07位置2二维码[0]
,S07位置2二维码[1],INT,,0,,,,,ns=4;s=上位机通讯|S07位置2二维码[1]
,S07位置2二维码[2],INT,,0,,,,,ns=4;s=上位机通讯|S07位置2二维码[2]
,S07位置2二维码[3],INT,,0,,,,,ns=4;s=上位机通讯|S07位置2二维码[3]
,S07位置2二维码[4],INT,,0,,,,,ns=4;s=上位机通讯|S07位置2二维码[4]
,S07位置2二维码[5],INT,,0,,,,,ns=4;s=上位机通讯|S07位置2二维码[5]
,S07位置2二维码[6],INT,,0,,,,,ns=4;s=上位机通讯|S07位置2二维码[6]
,S07位置2二维码[7],INT,,0,,,,,ns=4;s=上位机通讯|S07位置2二维码[7]
,S07位置2二维码[8],INT,,0,,,,,ns=4;s=上位机通讯|S07位置2二维码[8]
,S07位置2二维码[9],INT,,0,,,,,ns=4;s=上位机通讯|S07位置2二维码[9]
,S07位置2二维码[10],INT,,0,,,,,ns=4;s=上位机通讯|S07位置2二维码[10]
,S07位置2二维码[11],INT,,0,,,,,ns=4;s=上位机通讯|S07位置2二维码[11]
,S07位置2二维码[12],INT,,0,,,,,ns=4;s=上位机通讯|S07位置2二维码[12]
,S07位置2二维码[13],INT,,0,,,,,ns=4;s=上位机通讯|S07位置2二维码[13]
,S07位置2二维码[14],INT,,0,,,,,ns=4;s=上位机通讯|S07位置2二维码[14]
,S07位置2二维码[15],INT,,0,,,,,ns=4;s=上位机通讯|S07位置2二维码[15]
,S07位置2二维码[16],INT,,0,,,,,ns=4;s=上位机通讯|S07位置2二维码[16]
,S07位置2二维码[17],INT,,0,,,,,ns=4;s=上位机通讯|S07位置2二维码[17]
,S07位置2二维码[18],INT,,0,,,,,ns=4;s=上位机通讯|S07位置2二维码[18]
,S07位置2二维码[19],INT,,0,,,,,ns=4;s=上位机通讯|S07位置2二维码[19]
,S07位置2二维码[20],INT,,0,,,,,ns=4;s=上位机通讯|S07位置2二维码[20]
,S07位置2二维码[21],INT,,0,,,,,ns=4;s=上位机通讯|S07位置2二维码[21]
,S07位置2二维码[22],INT,,0,,,,,ns=4;s=上位机通讯|S07位置2二维码[22]
,S07位置2二维码[23],INT,,0,,,,,ns=4;s=上位机通讯|S07位置2二维码[23]
,S07位置2二维码[24],INT,,0,,,,,ns=4;s=上位机通讯|S07位置2二维码[24]
,S07位置2二维码[25],INT,,0,,,,,ns=4;s=上位机通讯|S07位置2二维码[25]
,S07位置2二维码[26],INT,,0,,,,,ns=4;s=上位机通讯|S07位置2二维码[26]
,S07位置2二维码[27],INT,,0,,,,,ns=4;s=上位机通讯|S07位置2二维码[27]
,S07位置2二维码[28],INT,,0,,,,,ns=4;s=上位机通讯|S07位置2二维码[28]
,S07位置2二维码[29],INT,,0,,,,,ns=4;s=上位机通讯|S07位置2二维码[29]
124,S07位置3二维码,INT[30],,...,不保持,公有,PLC-PC,,ns=4;s=上位机通讯|S07位置3二维码
,S07位置3二维码[0],INT,,0,,,,,ns=4;s=上位机通讯|S07位置3二维码[0]
,S07位置3二维码[1],INT,,0,,,,,ns=4;s=上位机通讯|S07位置3二维码[1]
,S07位置3二维码[2],INT,,0,,,,,ns=4;s=上位机通讯|S07位置3二维码[2]
,S07位置3二维码[3],INT,,0,,,,,ns=4;s=上位机通讯|S07位置3二维码[3]
,S07位置3二维码[4],INT,,0,,,,,ns=4;s=上位机通讯|S07位置3二维码[4]
,S07位置3二维码[5],INT,,0,,,,,ns=4;s=上位机通讯|S07位置3二维码[5]
,S07位置3二维码[6],INT,,0,,,,,ns=4;s=上位机通讯|S07位置3二维码[6]
,S07位置3二维码[7],INT,,0,,,,,ns=4;s=上位机通讯|S07位置3二维码[7]
,S07位置3二维码[8],INT,,0,,,,,ns=4;s=上位机通讯|S07位置3二维码[8]
,S07位置3二维码[9],INT,,0,,,,,ns=4;s=上位机通讯|S07位置3二维码[9]
,S07位置3二维码[10],INT,,0,,,,,ns=4;s=上位机通讯|S07位置3二维码[10]
,S07位置3二维码[11],INT,,0,,,,,ns=4;s=上位机通讯|S07位置3二维码[11]
,S07位置3二维码[12],INT,,0,,,,,ns=4;s=上位机通讯|S07位置3二维码[12]
,S07位置3二维码[13],INT,,0,,,,,ns=4;s=上位机通讯|S07位置3二维码[13]
,S07位置3二维码[14],INT,,0,,,,,ns=4;s=上位机通讯|S07位置3二维码[14]
,S07位置3二维码[15],INT,,0,,,,,ns=4;s=上位机通讯|S07位置3二维码[15]
,S07位置3二维码[16],INT,,0,,,,,ns=4;s=上位机通讯|S07位置3二维码[16]
,S07位置3二维码[17],INT,,0,,,,,ns=4;s=上位机通讯|S07位置3二维码[17]
,S07位置3二维码[18],INT,,0,,,,,ns=4;s=上位机通讯|S07位置3二维码[18]
,S07位置3二维码[19],INT,,0,,,,,ns=4;s=上位机通讯|S07位置3二维码[19]
,S07位置3二维码[20],INT,,0,,,,,ns=4;s=上位机通讯|S07位置3二维码[20]
,S07位置3二维码[21],INT,,0,,,,,ns=4;s=上位机通讯|S07位置3二维码[21]
,S07位置3二维码[22],INT,,0,,,,,ns=4;s=上位机通讯|S07位置3二维码[22]
,S07位置3二维码[23],INT,,0,,,,,ns=4;s=上位机通讯|S07位置3二维码[23]
,S07位置3二维码[24],INT,,0,,,,,ns=4;s=上位机通讯|S07位置3二维码[24]
,S07位置3二维码[25],INT,,0,,,,,ns=4;s=上位机通讯|S07位置3二维码[25]
,S07位置3二维码[26],INT,,0,,,,,ns=4;s=上位机通讯|S07位置3二维码[26]
,S07位置3二维码[27],INT,,0,,,,,ns=4;s=上位机通讯|S07位置3二维码[27]
,S07位置3二维码[28],INT,,0,,,,,ns=4;s=上位机通讯|S07位置3二维码[28]
,S07位置3二维码[29],INT,,0,,,,,ns=4;s=上位机通讯|S07位置3二维码[29]
125,S07位置4二维码,INT[30],,...,不保持,公有,PLC-PC,,ns=4;s=上位机通讯|S07位置4二维码
,S07位置4二维码[0],INT,,0,,,,,ns=4;s=上位机通讯|S07位置4二维码[0]
,S07位置4二维码[1],INT,,0,,,,,ns=4;s=上位机通讯|S07位置4二维码[1]
,S07位置4二维码[2],INT,,0,,,,,ns=4;s=上位机通讯|S07位置4二维码[2]
,S07位置4二维码[3],INT,,0,,,,,ns=4;s=上位机通讯|S07位置4二维码[3]
,S07位置4二维码[4],INT,,0,,,,,ns=4;s=上位机通讯|S07位置4二维码[4]
,S07位置4二维码[5],INT,,0,,,,,ns=4;s=上位机通讯|S07位置4二维码[5]
,S07位置4二维码[6],INT,,0,,,,,ns=4;s=上位机通讯|S07位置4二维码[6]
,S07位置4二维码[7],INT,,0,,,,,ns=4;s=上位机通讯|S07位置4二维码[7]
,S07位置4二维码[8],INT,,0,,,,,ns=4;s=上位机通讯|S07位置4二维码[8]
,S07位置4二维码[9],INT,,0,,,,,ns=4;s=上位机通讯|S07位置4二维码[9]
,S07位置4二维码[10],INT,,0,,,,,ns=4;s=上位机通讯|S07位置4二维码[10]
,S07位置4二维码[11],INT,,0,,,,,ns=4;s=上位机通讯|S07位置4二维码[11]
,S07位置4二维码[12],INT,,0,,,,,ns=4;s=上位机通讯|S07位置4二维码[12]
,S07位置4二维码[13],INT,,0,,,,,ns=4;s=上位机通讯|S07位置4二维码[13]
,S07位置4二维码[14],INT,,0,,,,,ns=4;s=上位机通讯|S07位置4二维码[14]
,S07位置4二维码[15],INT,,0,,,,,ns=4;s=上位机通讯|S07位置4二维码[15]
,S07位置4二维码[16],INT,,0,,,,,ns=4;s=上位机通讯|S07位置4二维码[16]
,S07位置4二维码[17],INT,,0,,,,,ns=4;s=上位机通讯|S07位置4二维码[17]
,S07位置4二维码[18],INT,,0,,,,,ns=4;s=上位机通讯|S07位置4二维码[18]
,S07位置4二维码[19],INT,,0,,,,,ns=4;s=上位机通讯|S07位置4二维码[19]
,S07位置4二维码[20],INT,,0,,,,,ns=4;s=上位机通讯|S07位置4二维码[20]
,S07位置4二维码[21],INT,,0,,,,,ns=4;s=上位机通讯|S07位置4二维码[21]
,S07位置4二维码[22],INT,,0,,,,,ns=4;s=上位机通讯|S07位置4二维码[22]
,S07位置4二维码[23],INT,,0,,,,,ns=4;s=上位机通讯|S07位置4二维码[23]
,S07位置4二维码[24],INT,,0,,,,,ns=4;s=上位机通讯|S07位置4二维码[24]
,S07位置4二维码[25],INT,,0,,,,,ns=4;s=上位机通讯|S07位置4二维码[25]
,S07位置4二维码[26],INT,,0,,,,,ns=4;s=上位机通讯|S07位置4二维码[26]
,S07位置4二维码[27],INT,,0,,,,,ns=4;s=上位机通讯|S07位置4二维码[27]
,S07位置4二维码[28],INT,,0,,,,,ns=4;s=上位机通讯|S07位置4二维码[28]
,S07位置4二维码[29],INT,,0,,,,,ns=4;s=上位机通讯|S07位置4二维码[29]
126,S07位置5二维码,INT[30],,...,不保持,公有,PLC-PC,,ns=4;s=上位机通讯|S07位置5二维码
,S07位置5二维码[0],INT,,0,,,,,ns=4;s=上位机通讯|S07位置5二维码[0]
,S07位置5二维码[1],INT,,0,,,,,ns=4;s=上位机通讯|S07位置5二维码[1]
,S07位置5二维码[2],INT,,0,,,,,ns=4;s=上位机通讯|S07位置5二维码[2]
,S07位置5二维码[3],INT,,0,,,,,ns=4;s=上位机通讯|S07位置5二维码[3]
,S07位置5二维码[4],INT,,0,,,,,ns=4;s=上位机通讯|S07位置5二维码[4]
,S07位置5二维码[5],INT,,0,,,,,ns=4;s=上位机通讯|S07位置5二维码[5]
,S07位置5二维码[6],INT,,0,,,,,ns=4;s=上位机通讯|S07位置5二维码[6]
,S07位置5二维码[7],INT,,0,,,,,ns=4;s=上位机通讯|S07位置5二维码[7]
,S07位置5二维码[8],INT,,0,,,,,ns=4;s=上位机通讯|S07位置5二维码[8]
,S07位置5二维码[9],INT,,0,,,,,ns=4;s=上位机通讯|S07位置5二维码[9]
,S07位置5二维码[10],INT,,0,,,,,ns=4;s=上位机通讯|S07位置5二维码[10]
,S07位置5二维码[11],INT,,0,,,,,ns=4;s=上位机通讯|S07位置5二维码[11]
,S07位置5二维码[12],INT,,0,,,,,ns=4;s=上位机通讯|S07位置5二维码[12]
,S07位置5二维码[13],INT,,0,,,,,ns=4;s=上位机通讯|S07位置5二维码[13]
,S07位置5二维码[14],INT,,0,,,,,ns=4;s=上位机通讯|S07位置5二维码[14]
,S07位置5二维码[15],INT,,0,,,,,ns=4;s=上位机通讯|S07位置5二维码[15]
,S07位置5二维码[16],INT,,0,,,,,ns=4;s=上位机通讯|S07位置5二维码[16]
,S07位置5二维码[17],INT,,0,,,,,ns=4;s=上位机通讯|S07位置5二维码[17]
,S07位置5二维码[18],INT,,0,,,,,ns=4;s=上位机通讯|S07位置5二维码[18]
,S07位置5二维码[19],INT,,0,,,,,ns=4;s=上位机通讯|S07位置5二维码[19]
,S07位置5二维码[20],INT,,0,,,,,ns=4;s=上位机通讯|S07位置5二维码[20]
,S07位置5二维码[21],INT,,0,,,,,ns=4;s=上位机通讯|S07位置5二维码[21]
,S07位置5二维码[22],INT,,0,,,,,ns=4;s=上位机通讯|S07位置5二维码[22]
,S07位置5二维码[23],INT,,0,,,,,ns=4;s=上位机通讯|S07位置5二维码[23]
,S07位置5二维码[24],INT,,0,,,,,ns=4;s=上位机通讯|S07位置5二维码[24]
,S07位置5二维码[25],INT,,0,,,,,ns=4;s=上位机通讯|S07位置5二维码[25]
,S07位置5二维码[26],INT,,0,,,,,ns=4;s=上位机通讯|S07位置5二维码[26]
,S07位置5二维码[27],INT,,0,,,,,ns=4;s=上位机通讯|S07位置5二维码[27]
,S07位置5二维码[28],INT,,0,,,,,ns=4;s=上位机通讯|S07位置5二维码[28]
,S07位置5二维码[29],INT,,0,,,,,ns=4;s=上位机通讯|S07位置5二维码[29]
127,S07位置6二维码,INT[30],,...,不保持,公有,PLC-PC,,ns=4;s=上位机通讯|S07位置6二维码
,S07位置6二维码[0],INT,,0,,,,,ns=4;s=上位机通讯|S07位置6二维码[0]
,S07位置6二维码[1],INT,,0,,,,,ns=4;s=上位机通讯|S07位置6二维码[1]
,S07位置6二维码[2],INT,,0,,,,,ns=4;s=上位机通讯|S07位置6二维码[2]
,S07位置6二维码[3],INT,,0,,,,,ns=4;s=上位机通讯|S07位置6二维码[3]
,S07位置6二维码[4],INT,,0,,,,,ns=4;s=上位机通讯|S07位置6二维码[4]
,S07位置6二维码[5],INT,,0,,,,,ns=4;s=上位机通讯|S07位置6二维码[5]
,S07位置6二维码[6],INT,,0,,,,,ns=4;s=上位机通讯|S07位置6二维码[6]
,S07位置6二维码[7],INT,,0,,,,,ns=4;s=上位机通讯|S07位置6二维码[7]
,S07位置6二维码[8],INT,,0,,,,,ns=4;s=上位机通讯|S07位置6二维码[8]
,S07位置6二维码[9],INT,,0,,,,,ns=4;s=上位机通讯|S07位置6二维码[9]
,S07位置6二维码[10],INT,,0,,,,,ns=4;s=上位机通讯|S07位置6二维码[10]
,S07位置6二维码[11],INT,,0,,,,,ns=4;s=上位机通讯|S07位置6二维码[11]
,S07位置6二维码[12],INT,,0,,,,,ns=4;s=上位机通讯|S07位置6二维码[12]
,S07位置6二维码[13],INT,,0,,,,,ns=4;s=上位机通讯|S07位置6二维码[13]
,S07位置6二维码[14],INT,,0,,,,,ns=4;s=上位机通讯|S07位置6二维码[14]
,S07位置6二维码[15],INT,,0,,,,,ns=4;s=上位机通讯|S07位置6二维码[15]
,S07位置6二维码[16],INT,,0,,,,,ns=4;s=上位机通讯|S07位置6二维码[16]
,S07位置6二维码[17],INT,,0,,,,,ns=4;s=上位机通讯|S07位置6二维码[17]
,S07位置6二维码[18],INT,,0,,,,,ns=4;s=上位机通讯|S07位置6二维码[18]
,S07位置6二维码[19],INT,,0,,,,,ns=4;s=上位机通讯|S07位置6二维码[19]
,S07位置6二维码[20],INT,,0,,,,,ns=4;s=上位机通讯|S07位置6二维码[20]
,S07位置6二维码[21],INT,,0,,,,,ns=4;s=上位机通讯|S07位置6二维码[21]
,S07位置6二维码[22],INT,,0,,,,,ns=4;s=上位机通讯|S07位置6二维码[22]
,S07位置6二维码[23],INT,,0,,,,,ns=4;s=上位机通讯|S07位置6二维码[23]
,S07位置6二维码[24],INT,,0,,,,,ns=4;s=上位机通讯|S07位置6二维码[24]
,S07位置6二维码[25],INT,,0,,,,,ns=4;s=上位机通讯|S07位置6二维码[25]
,S07位置6二维码[26],INT,,0,,,,,ns=4;s=上位机通讯|S07位置6二维码[26]
,S07位置6二维码[27],INT,,0,,,,,ns=4;s=上位机通讯|S07位置6二维码[27]
,S07位置6二维码[28],INT,,0,,,,,ns=4;s=上位机通讯|S07位置6二维码[28]
,S07位置6二维码[29],INT,,0,,,,,ns=4;s=上位机通讯|S07位置6二维码[29]
128,S07位置7二维码,INT[30],,...,不保持,公有,PLC-PC,,ns=4;s=上位机通讯|S07位置7二维码
,S07位置7二维码[0],INT,,0,,,,,ns=4;s=上位机通讯|S07位置7二维码[0]
,S07位置7二维码[1],INT,,0,,,,,ns=4;s=上位机通讯|S07位置7二维码[1]
,S07位置7二维码[2],INT,,0,,,,,ns=4;s=上位机通讯|S07位置7二维码[2]
,S07位置7二维码[3],INT,,0,,,,,ns=4;s=上位机通讯|S07位置7二维码[3]
,S07位置7二维码[4],INT,,0,,,,,ns=4;s=上位机通讯|S07位置7二维码[4]
,S07位置7二维码[5],INT,,0,,,,,ns=4;s=上位机通讯|S07位置7二维码[5]
,S07位置7二维码[6],INT,,0,,,,,ns=4;s=上位机通讯|S07位置7二维码[6]
,S07位置7二维码[7],INT,,0,,,,,ns=4;s=上位机通讯|S07位置7二维码[7]
,S07位置7二维码[8],INT,,0,,,,,ns=4;s=上位机通讯|S07位置7二维码[8]
,S07位置7二维码[9],INT,,0,,,,,ns=4;s=上位机通讯|S07位置7二维码[9]
,S07位置7二维码[10],INT,,0,,,,,ns=4;s=上位机通讯|S07位置7二维码[10]
,S07位置7二维码[11],INT,,0,,,,,ns=4;s=上位机通讯|S07位置7二维码[11]
,S07位置7二维码[12],INT,,0,,,,,ns=4;s=上位机通讯|S07位置7二维码[12]
,S07位置7二维码[13],INT,,0,,,,,ns=4;s=上位机通讯|S07位置7二维码[13]
,S07位置7二维码[14],INT,,0,,,,,ns=4;s=上位机通讯|S07位置7二维码[14]
,S07位置7二维码[15],INT,,0,,,,,ns=4;s=上位机通讯|S07位置7二维码[15]
,S07位置7二维码[16],INT,,0,,,,,ns=4;s=上位机通讯|S07位置7二维码[16]
,S07位置7二维码[17],INT,,0,,,,,ns=4;s=上位机通讯|S07位置7二维码[17]
,S07位置7二维码[18],INT,,0,,,,,ns=4;s=上位机通讯|S07位置7二维码[18]
,S07位置7二维码[19],INT,,0,,,,,ns=4;s=上位机通讯|S07位置7二维码[19]
,S07位置7二维码[20],INT,,0,,,,,ns=4;s=上位机通讯|S07位置7二维码[20]
,S07位置7二维码[21],INT,,0,,,,,ns=4;s=上位机通讯|S07位置7二维码[21]
,S07位置7二维码[22],INT,,0,,,,,ns=4;s=上位机通讯|S07位置7二维码[22]
,S07位置7二维码[23],INT,,0,,,,,ns=4;s=上位机通讯|S07位置7二维码[23]
,S07位置7二维码[24],INT,,0,,,,,ns=4;s=上位机通讯|S07位置7二维码[24]
,S07位置7二维码[25],INT,,0,,,,,ns=4;s=上位机通讯|S07位置7二维码[25]
,S07位置7二维码[26],INT,,0,,,,,ns=4;s=上位机通讯|S07位置7二维码[26]
,S07位置7二维码[27],INT,,0,,,,,ns=4;s=上位机通讯|S07位置7二维码[27]
,S07位置7二维码[28],INT,,0,,,,,ns=4;s=上位机通讯|S07位置7二维码[28]
,S07位置7二维码[29],INT,,0,,,,,ns=4;s=上位机通讯|S07位置7二维码[29]
129,S07位置8二维码,INT[30],,...,不保持,公有,PLC-PC,,ns=4;s=上位机通讯|S07位置8二维码
,S07位置8二维码[0],INT,,0,,,,,ns=4;s=上位机通讯|S07位置8二维码[0]
,S07位置8二维码[1],INT,,0,,,,,ns=4;s=上位机通讯|S07位置8二维码[1]
,S07位置8二维码[2],INT,,0,,,,,ns=4;s=上位机通讯|S07位置8二维码[2]
,S07位置8二维码[3],INT,,0,,,,,ns=4;s=上位机通讯|S07位置8二维码[3]
,S07位置8二维码[4],INT,,0,,,,,ns=4;s=上位机通讯|S07位置8二维码[4]
,S07位置8二维码[5],INT,,0,,,,,ns=4;s=上位机通讯|S07位置8二维码[5]
,S07位置8二维码[6],INT,,0,,,,,ns=4;s=上位机通讯|S07位置8二维码[6]
,S07位置8二维码[7],INT,,0,,,,,ns=4;s=上位机通讯|S07位置8二维码[7]
,S07位置8二维码[8],INT,,0,,,,,ns=4;s=上位机通讯|S07位置8二维码[8]
,S07位置8二维码[9],INT,,0,,,,,ns=4;s=上位机通讯|S07位置8二维码[9]
,S07位置8二维码[10],INT,,0,,,,,ns=4;s=上位机通讯|S07位置8二维码[10]
,S07位置8二维码[11],INT,,0,,,,,ns=4;s=上位机通讯|S07位置8二维码[11]
,S07位置8二维码[12],INT,,0,,,,,ns=4;s=上位机通讯|S07位置8二维码[12]
,S07位置8二维码[13],INT,,0,,,,,ns=4;s=上位机通讯|S07位置8二维码[13]
,S07位置8二维码[14],INT,,0,,,,,ns=4;s=上位机通讯|S07位置8二维码[14]
,S07位置8二维码[15],INT,,0,,,,,ns=4;s=上位机通讯|S07位置8二维码[15]
,S07位置8二维码[16],INT,,0,,,,,ns=4;s=上位机通讯|S07位置8二维码[16]
,S07位置8二维码[17],INT,,0,,,,,ns=4;s=上位机通讯|S07位置8二维码[17]
,S07位置8二维码[18],INT,,0,,,,,ns=4;s=上位机通讯|S07位置8二维码[18]
,S07位置8二维码[19],INT,,0,,,,,ns=4;s=上位机通讯|S07位置8二维码[19]
,S07位置8二维码[20],INT,,0,,,,,ns=4;s=上位机通讯|S07位置8二维码[20]
,S07位置8二维码[21],INT,,0,,,,,ns=4;s=上位机通讯|S07位置8二维码[21]
,S07位置8二维码[22],INT,,0,,,,,ns=4;s=上位机通讯|S07位置8二维码[22]
,S07位置8二维码[23],INT,,0,,,,,ns=4;s=上位机通讯|S07位置8二维码[23]
,S07位置8二维码[24],INT,,0,,,,,ns=4;s=上位机通讯|S07位置8二维码[24]
,S07位置8二维码[25],INT,,0,,,,,ns=4;s=上位机通讯|S07位置8二维码[25]
,S07位置8二维码[26],INT,,0,,,,,ns=4;s=上位机通讯|S07位置8二维码[26]
,S07位置8二维码[27],INT,,0,,,,,ns=4;s=上位机通讯|S07位置8二维码[27]
,S07位置8二维码[28],INT,,0,,,,,ns=4;s=上位机通讯|S07位置8二维码[28]
,S07位置8二维码[29],INT,,0,,,,,ns=4;s=上位机通讯|S07位置8二维码[29]
130,S07位置9二维码,INT[30],,...,不保持,公有,PLC-PC,,ns=4;s=上位机通讯|S07位置9二维码
,S07位置9二维码[0],INT,,0,,,,,ns=4;s=上位机通讯|S07位置9二维码[0]
,S07位置9二维码[1],INT,,0,,,,,ns=4;s=上位机通讯|S07位置9二维码[1]
,S07位置9二维码[2],INT,,0,,,,,ns=4;s=上位机通讯|S07位置9二维码[2]
,S07位置9二维码[3],INT,,0,,,,,ns=4;s=上位机通讯|S07位置9二维码[3]
,S07位置9二维码[4],INT,,0,,,,,ns=4;s=上位机通讯|S07位置9二维码[4]
,S07位置9二维码[5],INT,,0,,,,,ns=4;s=上位机通讯|S07位置9二维码[5]
,S07位置9二维码[6],INT,,0,,,,,ns=4;s=上位机通讯|S07位置9二维码[6]
,S07位置9二维码[7],INT,,0,,,,,ns=4;s=上位机通讯|S07位置9二维码[7]
,S07位置9二维码[8],INT,,0,,,,,ns=4;s=上位机通讯|S07位置9二维码[8]
,S07位置9二维码[9],INT,,0,,,,,ns=4;s=上位机通讯|S07位置9二维码[9]
,S07位置9二维码[10],INT,,0,,,,,ns=4;s=上位机通讯|S07位置9二维码[10]
,S07位置9二维码[11],INT,,0,,,,,ns=4;s=上位机通讯|S07位置9二维码[11]
,S07位置9二维码[12],INT,,0,,,,,ns=4;s=上位机通讯|S07位置9二维码[12]
,S07位置9二维码[13],INT,,0,,,,,ns=4;s=上位机通讯|S07位置9二维码[13]
,S07位置9二维码[14],INT,,0,,,,,ns=4;s=上位机通讯|S07位置9二维码[14]
,S07位置9二维码[15],INT,,0,,,,,ns=4;s=上位机通讯|S07位置9二维码[15]
,S07位置9二维码[16],INT,,0,,,,,ns=4;s=上位机通讯|S07位置9二维码[16]
,S07位置9二维码[17],INT,,0,,,,,ns=4;s=上位机通讯|S07位置9二维码[17]
,S07位置9二维码[18],INT,,0,,,,,ns=4;s=上位机通讯|S07位置9二维码[18]
,S07位置9二维码[19],INT,,0,,,,,ns=4;s=上位机通讯|S07位置9二维码[19]
,S07位置9二维码[20],INT,,0,,,,,ns=4;s=上位机通讯|S07位置9二维码[20]
,S07位置9二维码[21],INT,,0,,,,,ns=4;s=上位机通讯|S07位置9二维码[21]
,S07位置9二维码[22],INT,,0,,,,,ns=4;s=上位机通讯|S07位置9二维码[22]
,S07位置9二维码[23],INT,,0,,,,,ns=4;s=上位机通讯|S07位置9二维码[23]
,S07位置9二维码[24],INT,,0,,,,,ns=4;s=上位机通讯|S07位置9二维码[24]
,S07位置9二维码[25],INT,,0,,,,,ns=4;s=上位机通讯|S07位置9二维码[25]
,S07位置9二维码[26],INT,,0,,,,,ns=4;s=上位机通讯|S07位置9二维码[26]
,S07位置9二维码[27],INT,,0,,,,,ns=4;s=上位机通讯|S07位置9二维码[27]
,S07位置9二维码[28],INT,,0,,,,,ns=4;s=上位机通讯|S07位置9二维码[28]
,S07位置9二维码[29],INT,,0,,,,,ns=4;s=上位机通讯|S07位置9二维码[29]
131,S07位置10二维码,INT[30],,...,不保持,公有,PLC-PC,,ns=4;s=上位机通讯|S07位置10二维码
,S07位置10二维码[0],INT,,0,,,,,ns=4;s=上位机通讯|S07位置10二维码[0]
,S07位置10二维码[1],INT,,0,,,,,ns=4;s=上位机通讯|S07位置10二维码[1]
,S07位置10二维码[2],INT,,0,,,,,ns=4;s=上位机通讯|S07位置10二维码[2]
,S07位置10二维码[3],INT,,0,,,,,ns=4;s=上位机通讯|S07位置10二维码[3]
,S07位置10二维码[4],INT,,0,,,,,ns=4;s=上位机通讯|S07位置10二维码[4]
,S07位置10二维码[5],INT,,0,,,,,ns=4;s=上位机通讯|S07位置10二维码[5]
,S07位置10二维码[6],INT,,0,,,,,ns=4;s=上位机通讯|S07位置10二维码[6]
,S07位置10二维码[7],INT,,0,,,,,ns=4;s=上位机通讯|S07位置10二维码[7]
,S07位置10二维码[8],INT,,0,,,,,ns=4;s=上位机通讯|S07位置10二维码[8]
,S07位置10二维码[9],INT,,0,,,,,ns=4;s=上位机通讯|S07位置10二维码[9]
,S07位置10二维码[10],INT,,0,,,,,ns=4;s=上位机通讯|S07位置10二维码[10]
,S07位置10二维码[11],INT,,0,,,,,ns=4;s=上位机通讯|S07位置10二维码[11]
,S07位置10二维码[12],INT,,0,,,,,ns=4;s=上位机通讯|S07位置10二维码[12]
,S07位置10二维码[13],INT,,0,,,,,ns=4;s=上位机通讯|S07位置10二维码[13]
,S07位置10二维码[14],INT,,0,,,,,ns=4;s=上位机通讯|S07位置10二维码[14]
,S07位置10二维码[15],INT,,0,,,,,ns=4;s=上位机通讯|S07位置10二维码[15]
,S07位置10二维码[16],INT,,0,,,,,ns=4;s=上位机通讯|S07位置10二维码[16]
,S07位置10二维码[17],INT,,0,,,,,ns=4;s=上位机通讯|S07位置10二维码[17]
,S07位置10二维码[18],INT,,0,,,,,ns=4;s=上位机通讯|S07位置10二维码[18]
,S07位置10二维码[19],INT,,0,,,,,ns=4;s=上位机通讯|S07位置10二维码[19]
,S07位置10二维码[20],INT,,0,,,,,ns=4;s=上位机通讯|S07位置10二维码[20]
,S07位置10二维码[21],INT,,0,,,,,ns=4;s=上位机通讯|S07位置10二维码[21]
,S07位置10二维码[22],INT,,0,,,,,ns=4;s=上位机通讯|S07位置10二维码[22]
,S07位置10二维码[23],INT,,0,,,,,ns=4;s=上位机通讯|S07位置10二维码[23]
,S07位置10二维码[24],INT,,0,,,,,ns=4;s=上位机通讯|S07位置10二维码[24]
,S07位置10二维码[25],INT,,0,,,,,ns=4;s=上位机通讯|S07位置10二维码[25]
,S07位置10二维码[26],INT,,0,,,,,ns=4;s=上位机通讯|S07位置10二维码[26]
,S07位置10二维码[27],INT,,0,,,,,ns=4;s=上位机通讯|S07位置10二维码[27]
,S07位置10二维码[28],INT,,0,,,,,ns=4;s=上位机通讯|S07位置10二维码[28]
,S07位置10二维码[29],INT,,0,,,,,ns=4;s=上位机通讯|S07位置10二维码[29]
