Tag Name,Address,Data Type,Respect Data Type,Client Access,Scan Rate,Scaling,Raw Low,Raw High,Scaled Low,Scaled High,Scaled Data Type,Clamp Low,Clamp High,Eng Units,Description,Negate Value
初始化PC,K0125,Boolean,1,R/W,100,,,,,,,,,,,
初始化完成PC,K0126,Boolean,1,R/W,100,,,,,,,,,,,
机器人初始化,K0142,Long,1,R/W,100,,,,,,,,,,,
机器人初始化完成,K0088,Boolean,1,R/W,100,,,,,,,,,,,
机器人放检测1开始,K0099,Boolean,1,R/W,100,,,,,,,,,,,
机器人放检测1完成,K0082,Boolean,1,R/W,100,,,,,,,,,,,
机器人放检测2开始,K0100,Boolean,1,R/W,100,,,,,,,,,,,
机器人放检测2完成,K0083,Boolean,1,R/W,100,,,,,,,,,,,
机器人放检测3开始,K0101,Boolean,1,R/W,100,,,,,,,,,,,
机器人放检测3完成,K0084,Boolean,1,R/W,100,,,,,,,,,,,
机器人放检测编号,K0069,Long,1,R/W,100,,,,,,,,,,,
机器人放烧杯编号,K0138,Long,1,R/W,100,,,,,,,,,,,
机器人机器人安全点,K0105,Boolean,1,R/W,100,,,,,,,,,,,
机器人机器人安全区域1,K0106,Boolean,1,R/W,100,,,,,,,,,,,
机器人机器人安全区域2,K0107,Boolean,1,R/W,100,,,,,,,,,,,
机器人机器人安全区域3,K0108,Boolean,1,R/W,100,,,,,,,,,,,
机器人空闲,K0120,Boolean,1,R/W,100,,,,,,,,,,,
机器人料架放烧杯1开始,K0094,Boolean,1,R/W,100,,,,,,,,,,,
机器人料架放烧杯1完成,K0077,Boolean,1,R/W,100,,,,,,,,,,,
机器人料架放烧杯2开始,K0095,Boolean,1,R/W,100,,,,,,,,,,,
机器人料架放烧杯2完成,K0078,Boolean,1,R/W,100,,,,,,,,,,,
机器人料架放烧杯3开始,K0096,Boolean,1,R/W,100,,,,,,,,,,,
机器人料架放烧杯3完成,K0079,Boolean,1,R/W,100,,,,,,,,,,,
机器人料架放烧杯4开始,K0097,Boolean,1,R/W,100,,,,,,,,,,,
机器人料架放烧杯4完成,K0080,Boolean,1,R/W,100,,,,,,,,,,,
机器人料架放烧杯5开始,K0098,Boolean,1,R/W,100,,,,,,,,,,,
机器人料架放烧杯5完成,K0081,Boolean,1,R/W,100,,,,,,,,,,,
机器人料架取烧杯1开始,K0089,Boolean,1,R/W,100,,,,,,,,,,,
机器人料架取烧杯1完成,K0072,Boolean,1,R/W,100,,,,,,,,,,,
机器人料架取烧杯2开始,K0090,Boolean,1,R/W,100,,,,,,,,,,,
机器人料架取烧杯2完成,K0073,Boolean,1,R/W,100,,,,,,,,,,,
机器人料架取烧杯3开始,K0091,Boolean,1,R/W,100,,,,,,,,,,,
机器人料架取烧杯3完成,K0074,Boolean,1,R/W,100,,,,,,,,,,,
机器人料架取烧杯4开始,K0092,Boolean,1,R/W,100,,,,,,,,,,,
机器人料架取烧杯4完成,K0075,Boolean,1,R/W,100,,,,,,,,,,,
机器人料架取烧杯5开始,K0093,Boolean,1,R/W,100,,,,,,,,,,,
机器人料架取烧杯5完成,K0076,Boolean,1,R/W,100,,,,,,,,,,,
机器人取检测1开始,K0102,Boolean,1,R/W,100,,,,,,,,,,,
机器人取检测1完成,K0085,Boolean,1,R/W,100,,,,,,,,,,,
机器人取检测2开始,K0103,Boolean,1,R/W,100,,,,,,,,,,,
机器人取检测2完成,K0086,Boolean,1,R/W,100,,,,,,,,,,,
机器人取检测3开始,K0104,Boolean,1,R/W,100,,,,,,,,,,,
机器人取检测3完成,K0087,Boolean,1,R/W,100,,,,,,,,,,,
机器人取检测编号,K0140,Long,1,R/W,100,,,,,,,,,,,
机器人取烧杯编号,K0067,Long,1,R/W,100,,,,,,,,,,,
检测1参数已执行,K0132,Boolean,1,R/W,100,,,,,,,,,,,
检测1工艺完成,K0121,Boolean,1,R/W,100,,,,,,,,,,,
检测1开始,K0135,Boolean,1,R/W,100,,,,,,,,,,,
检测1空闲,K0117,Boolean,1,R/W,100,,,,,,,,,,,
检测1请求参数,K0111,Boolean,1,R/W,100,,,,,,,,,,,
检测1已接收参数,K0114,Boolean,1,R/W,100,,,,,,,,,,,
检测2参数已执行,K0133,Boolean,1,R/W,100,,,,,,,,,,,
检测2工艺完成,K0122,Boolean,1,R/W,100,,,,,,,,,,,
检测2开始,K0136,Boolean,1,R/W,100,,,,,,,,,,,
检测2空闲,K0118,Boolean,1,R/W,100,,,,,,,,,,,
检测2请求参数,K0112,Boolean,1,R/W,100,,,,,,,,,,,
检测2已接收参数,K0115,Boolean,1,R/W,100,,,,,,,,,,,
检测3参数已执行,K0134,Boolean,1,R/W,100,,,,,,,,,,,
检测3工艺完成,K0123,Boolean,1,R/W,100,,,,,,,,,,,
检测3开始,K0137,Boolean,1,R/W,100,,,,,,,,,,,
检测3空闲,K0119,Boolean,1,R/W,100,,,,,,,,,,,
检测3请求参数,K0113,Boolean,1,R/W,100,,,,,,,,,,,
检测3已接收参数,K0116,Boolean,1,R/W,100,,,,,,,,,,,
模式切换,K0124,Boolean,1,R/W,100,,,,,,,,,,,
手自动切换,K0127,Boolean,1,R/W,100,,,,,,,,,,,
自动模式PC,K0128,Boolean,1,R/W,100,,,,,,,,,,,
自动作业参数已下发,K0129,Boolean,1,R/W,100,,,,,,,,,,,
自动作业参数已执行,K0130,Boolean,1,R/W,100,,,,,,,,,,,
自动作业等待停止时间,K0131,Short,1,R/W,100,,,,,,,,,,,
自动作业开始触发,K0109,Boolean,1,R/W,100,,,,,,,,,,,
自动作业完成,K0110,Boolean,1,R/W,100,,,,,,,,,,,
磁力搅拌参数设置_C[0].安全温度,K0015,Short,1,R/W,100,,,,,,,,,,,
磁力搅拌参数设置_C[0].返回设定时间,K0008,Short,1,R/W,100,,,,,,,,,,,
磁力搅拌参数设置_C[0].返回设定速度,K0004,Short,1,R/W,100,,,,,,,,,,,
磁力搅拌参数设置_C[0].返回设定温度,K0006,Short,1,R/W,100,,,,,,,,,,,
磁力搅拌参数设置_C[0].返回实际时间,K0009,Short,1,R/W,100,,,,,,,,,,,
磁力搅拌参数设置_C[0].返回实际速度,K0005,Short,1,R/W,100,,,,,,,,,,,
磁力搅拌参数设置_C[0].返回实际温度,K0007,Short,1,R/W,100,,,,,,,,,,,
磁力搅拌参数设置_C[0].工作模式设置,K0010,Short,1,R/W,100,,,,,,,,,,,
磁力搅拌参数设置_C[0].加热模式,K0013,Short,1,R/W,100,,,,,,,,,,,
磁力搅拌参数设置_C[0].加热模式设置,K0011,Short,1,R/W,100,,,,,,,,,,,
磁力搅拌参数设置_C[0].加热温度,K0002,Short,1,R/W,100,,,,,,,,,,,
磁力搅拌参数设置_C[0].搅拌速度,K0001,Short,1,R/W,100,,,,,,,,,,,
磁力搅拌参数设置_C[0].时间设置,K0003,Short,1,R/W,100,,,,,,,,,,,
磁力搅拌参数设置_C[0].温度单位,K0012,Short,1,R/W,100,,,,,,,,,,,
磁力搅拌参数设置_C[0].仪器模式,K0014,Short,1,R/W,100,,,,,,,,,,,
磁力搅拌参数设置_C[1].安全温度,K0030,Short,1,R/W,100,,,,,,,,,,,
磁力搅拌参数设置_C[1].返回设定时间,K0023,Short,1,R/W,100,,,,,,,,,,,
磁力搅拌参数设置_C[1].返回设定速度,K0019,Short,1,R/W,100,,,,,,,,,,,
磁力搅拌参数设置_C[1].返回设定温度,K0021,Short,1,R/W,100,,,,,,,,,,,
磁力搅拌参数设置_C[1].返回实际时间,K0024,Short,1,R/W,100,,,,,,,,,,,
磁力搅拌参数设置_C[1].返回实际速度,K0020,Short,1,R/W,100,,,,,,,,,,,
磁力搅拌参数设置_C[1].返回实际温度,K0022,Short,1,R/W,100,,,,,,,,,,,
磁力搅拌参数设置_C[1].工作模式设置,K0025,Short,1,R/W,100,,,,,,,,,,,
磁力搅拌参数设置_C[1].加热模式,K0028,Short,1,R/W,100,,,,,,,,,,,
磁力搅拌参数设置_C[1].加热模式设置,K0026,Short,1,R/W,100,,,,,,,,,,,
磁力搅拌参数设置_C[1].加热温度,K0017,Short,1,R/W,100,,,,,,,,,,,
磁力搅拌参数设置_C[1].搅拌速度,K0016,Short,1,R/W,100,,,,,,,,,,,
磁力搅拌参数设置_C[1].时间设置,K0018,Short,1,R/W,100,,,,,,,,,,,
磁力搅拌参数设置_C[1].温度单位,K0027,Short,1,R/W,100,,,,,,,,,,,
磁力搅拌参数设置_C[1].仪器模式,K0029,Short,1,R/W,100,,,,,,,,,,,
磁力搅拌参数设置_C[2].安全温度,K0045,Short,1,R/W,100,,,,,,,,,,,
磁力搅拌参数设置_C[2].返回设定时间,K0038,Short,1,R/W,100,,,,,,,,,,,
磁力搅拌参数设置_C[2].返回设定速度,K0034,Short,1,R/W,100,,,,,,,,,,,
磁力搅拌参数设置_C[2].返回设定温度,K0036,Short,1,R/W,100,,,,,,,,,,,
磁力搅拌参数设置_C[2].返回实际时间,K0039,Short,1,R/W,100,,,,,,,,,,,
磁力搅拌参数设置_C[2].返回实际速度,K0035,Short,1,R/W,100,,,,,,,,,,,
磁力搅拌参数设置_C[2].返回实际温度,K0037,Short,1,R/W,100,,,,,,,,,,,
磁力搅拌参数设置_C[2].工作模式设置,K0040,Short,1,R/W,100,,,,,,,,,,,
磁力搅拌参数设置_C[2].加热模式,K0043,Short,1,R/W,100,,,,,,,,,,,
磁力搅拌参数设置_C[2].加热模式设置,K0041,Short,1,R/W,100,,,,,,,,,,,
磁力搅拌参数设置_C[2].加热温度,K0032,Short,1,R/W,100,,,,,,,,,,,
磁力搅拌参数设置_C[2].搅拌速度,K0031,Short,1,R/W,100,,,,,,,,,,,
磁力搅拌参数设置_C[2].时间设置,K0033,Short,1,R/W,100,,,,,,,,,,,
磁力搅拌参数设置_C[2].温度单位,K0042,Short,1,R/W,100,,,,,,,,,,,
磁力搅拌参数设置_C[2].仪器模式,K0044,Short,1,R/W,100,,,,,,,,,,,
注射泵参数[0].抽液位置设置,K0048,Short,1,R/W,100,,,,,,,,,,,
注射泵参数[0].当前位置显示,K0046,Short,1,R/W,100,,,,,,,,,,,
注射泵参数[0].加速度代码,K0052,Short,1,R/W,100,,,,,,,,,,,
注射泵参数[0].绝对位置设置,K0047,Short,1,R/W,100,,,,,,,,,,,
注射泵参数[0].排液位置设置,K0049,Short,1,R/W,100,,,,,,,,,,,
注射泵参数[0].启动速度,K0050,Short,1,R/W,100,,,,,,,,,,,
注射泵参数[0].最高速度,K0051,Short,1,R/W,100,,,,,,,,,,,
注射泵参数[1].抽液位置设置,K0055,Short,1,R/W,100,,,,,,,,,,,
注射泵参数[1].当前位置显示,K0053,Short,1,R/W,100,,,,,,,,,,,
注射泵参数[1].加速度代码,K0059,Short,1,R/W,100,,,,,,,,,,,
注射泵参数[1].绝对位置设置,K0054,Short,1,R/W,100,,,,,,,,,,,
注射泵参数[1].排液位置设置,K0056,Short,1,R/W,100,,,,,,,,,,,
注射泵参数[1].启动速度,K0057,Short,1,R/W,100,,,,,,,,,,,
注射泵参数[1].最高速度,K0058,Short,1,R/W,100,,,,,,,,,,,
注射泵参数[2].抽液位置设置,K0062,Short,1,R/W,100,,,,,,,,,,,
注射泵参数[2].当前位置显示,K0060,Short,1,R/W,100,,,,,,,,,,,
注射泵参数[2].加速度代码,K0066,Short,1,R/W,100,,,,,,,,,,,
注射泵参数[2].绝对位置设置,K0061,Short,1,R/W,100,,,,,,,,,,,
注射泵参数[2].排液位置设置,K0063,Short,1,R/W,100,,,,,,,,,,,
注射泵参数[2].启动速度,K0064,Short,1,R/W,100,,,,,,,,,,,
注射泵参数[2].最高速度,K0065,Short,1,R/W,100,,,,,,,,,,,
磁力搅拌参数设置_C[3].搅拌速度,K0200,Short,1,R/W,100,,,,,,,,,,,
磁力搅拌参数设置_C[3].加热温度,K0201,Short,1,R/W,100,,,,,,,,,,,
磁力搅拌参数设置_C[3].时间设置,K0202,Short,1,R/W,100,,,,,,,,,,,
磁力搅拌参数设置_C[3].返回设定速度,K0203,Short,1,R/W,100,,,,,,,,,,,
磁力搅拌参数设置_C[3].返回实际速度,K0204,Short,1,R/W,100,,,,,,,,,,,
磁力搅拌参数设置_C[3].返回设定温度,K0205,Short,1,R/W,100,,,,,,,,,,,
磁力搅拌参数设置_C[3].返回实际温度,K0206,Short,1,R/W,100,,,,,,,,,,,
磁力搅拌参数设置_C[3].返回设定时间,K0207,Short,1,R/W,100,,,,,,,,,,,
磁力搅拌参数设置_C[3].返回实际时间,K0208,Short,1,R/W,100,,,,,,,,,,,
磁力搅拌参数设置_C[3].工作模式设置,K0209,Short,1,R/W,100,,,,,,,,,,,
磁力搅拌参数设置_C[3].加热模式设置,K0210,Short,1,R/W,100,,,,,,,,,,,
磁力搅拌参数设置_C[3].温度单位,K0211,Short,1,R/W,100,,,,,,,,,,,
磁力搅拌参数设置_C[3].加热模式,K0212,Short,1,R/W,100,,,,,,,,,,,
磁力搅拌参数设置_C[3].仪器模式,K0213,Short,1,R/W,100,,,,,,,,,,,
磁力搅拌参数设置_C[3].安全温度,K0214,Short,1,R/W,100,,,,,,,,,,,
磁力搅拌参数设置_C[4].搅拌速度,K0215,Short,1,R/W,100,,,,,,,,,,,
磁力搅拌参数设置_C[4].加热温度,K0216,Short,1,R/W,100,,,,,,,,,,,
磁力搅拌参数设置_C[4].时间设置,K0217,Short,1,R/W,100,,,,,,,,,,,
磁力搅拌参数设置_C[4].返回设定速度,K0218,Short,1,R/W,100,,,,,,,,,,,
磁力搅拌参数设置_C[4].返回实际速度,K0219,Short,1,R/W,100,,,,,,,,,,,
磁力搅拌参数设置_C[4].返回设定温度,K0220,Short,1,R/W,100,,,,,,,,,,,
磁力搅拌参数设置_C[4].返回实际温度,K0221,Short,1,R/W,100,,,,,,,,,,,
磁力搅拌参数设置_C[4].返回设定时间,K0222,Short,1,R/W,100,,,,,,,,,,,
磁力搅拌参数设置_C[4].返回实际时间,K0223,Short,1,R/W,100,,,,,,,,,,,
磁力搅拌参数设置_C[4].工作模式设置,K0224,Short,1,R/W,100,,,,,,,,,,,
磁力搅拌参数设置_C[4].加热模式设置,K0225,Short,1,R/W,100,,,,,,,,,,,
磁力搅拌参数设置_C[4].温度单位,K0226,Short,1,R/W,100,,,,,,,,,,,
磁力搅拌参数设置_C[4].加热模式,K0227,Short,1,R/W,100,,,,,,,,,,,
磁力搅拌参数设置_C[4].仪器模式,K0228,Short,1,R/W,100,,,,,,,,,,,
磁力搅拌参数设置_C[4].安全温度,K0229,Short,1,R/W,100,,,,,,,,,,,
三轴空闲,K0230,BOOLEAN,1,R/W,100,,,,,,,,,,,
三轴故障,K0231,BOOLEAN,1,R/W,100,,,,,,,,,,,
三轴复位,K0232,BOOLEAN,1,R/W,100,,,,,,,,,,,
三轴初始化,K0233,BOOLEAN,1,R/W,100,,,,,,,,,,,
三轴初始化完成,K0234,BOOLEAN,1,R/W,100,,,,,,,,,,,
电解池1初始化,K0235,BOOLEAN,1,R/W,100,,,,,,,,,,,
电解池1初始化完成,K0236,BOOLEAN,1,R/W,100,,,,,,,,,,,
电解池2初始化,K0237,BOOLEAN,1,R/W,100,,,,,,,,,,,
电解池2初始化完成,K0238,BOOLEAN,1,R/W,100,,,,,,,,,,,
酸洗池初始化,K0239,BOOLEAN,1,R/W,100,,,,,,,,,,,
酸洗池初始化完成,K0240,BOOLEAN,1,R/W,100,,,,,,,,,,,
清洗池初始化,K0241,BOOLEAN,1,R/W,100,,,,,,,,,,,
清洗池初始化完成,K0242,BOOLEAN,1,R/W,100,,,,,,,,,,,
S02工站初始化PC,K0243,BOOLEAN,1,R/W,100,,,,,,,,,,,
S02工站初始化完成,K0244,BOOLEAN,1,R/W,100,,,,,,,,,,,
三轴动作触发,K0245,BOOLEAN,1,R/W,100,,,,,,,,,,,
三轴动作完成,K0246,BOOLEAN,1,R/W,100,,,,,,,,,,,
三轴动作代码,K0247,Short,1,R/W,100,,,,,,,,,,,
三轴当前动作,K0248,Short,1,R/W,100,,,,,,,,,,,
三轴目标位置代码,K0249,Short,1,R/W,100,,,,,,,,,,,
三轴当前目标位置,K0250,Short,1,R/W,100,,,,,,,,,,,
三轴目标取放料代码,K0251,Short,1,R/W,100,,,,,,,,,,,
三轴当前取放料,K0252,Short,1,R/W,100,,,,,,,,,,,
电解池1占位,K0253,BOOLEAN,1,R/W,100,,,,,,,,,,,
电解池2占位,K0254,BOOLEAN,1,R/W,100,,,,,,,,,,,
酸洗池占位,K0255,BOOLEAN,1,R/W,100,,,,,,,,,,,
清洗池占位,K0256,BOOLEAN,1,R/W,100,,,,,,,,,,,
动作参数错误,K0257,BOOLEAN,1,R/W,100,,,,,,,,,,,
电解池1加工完成,K0258,BOOLEAN,1,R/W,100,,,,,,,,,,,
电解池2加工完成,K0259,BOOLEAN,1,R/W,100,,,,,,,,,,,
水洗时间设置,K0260,Short,1,R/W,100,,,,,,,,,,,
酸洗时间设置,K0261,Short,1,R/W,100,,,,,,,,,,,
氮气时间设置,K0262,Short,1,R/W,100,,,,,,,,,,,
电解池1参数已下发,K0263,BOOLEAN,1,R/W,100,,,,,,,,,,,
电解池1参数已执行,K0264,BOOLEAN,1,R/W,100,,,,,,,,,,,
电解池2参数已下发,K0265,BOOLEAN,1,R/W,100,,,,,,,,,,,
电解池2参数已执行,K0266,BOOLEAN,1,R/W,100,,,,,,,,,,,
电解池1请求加工,K0267,BOOLEAN,1,R/W,100,,,,,,,,,,,
电解池2请求加工,K0268,BOOLEAN,1,R/W,100,,,,,,,,,,,
电解池1开始加工,K0269,BOOLEAN,1,R/W,100,,,,,,,,,,,
电解池2开始加工,K0270,BOOLEAN,1,R/W,100,,,,,,,,,,,
