OPC UA服务器地址：opc.tcp://192.168.6.6:4840,,,,,,,,,
,,,,,,,,,
,,,,,,,,,
,,,,,,,,,
设备模块,,,,,NodeId,点位名称,数据类型,读写,描述
"锁紧模块
1=X向左
2=X向右
3=Y向左
4=Y向右
5=Z1向左
6=Z1向右
7=Z2向左
8=Z2向右
9=夹爪夹取
10=夹爪放置
11=电批拧紧
12=电批拧松
13=夹爪夹紧
14=夹爪松开
16=复位",,,,,ns=4;s=|var|Inovance-X86-Linux.Application.OPC_UA.Lock_XPosFB,X位置反馈,Int16,R,
,,,,,ns=4;s=|var|Inovance-X86-Linux.Application.OPC_UA.Lock_YPosFB,Y位置反馈,Int16,R,
,,,,,ns=4;s=|var|Inovance-X86-Linux.Application.OPC_UA.Lock_Z1PosFB,Z1位置反馈,Int16,R,
,,,,,ns=4;s=|var|Inovance-X86-Linux.Application.OPC_UA.Lock_Z2PosFB,Z2位置反馈,Int16,R,
,,,,,ns=4;s=|var|Inovance-X86-Linux.Application.OPC_UA.Lock_CompleteFB,完成反馈,Int16,R,
,,,,,ns=4;s=|var|Inovance-X86-Linux.Application.OPC_UA.Lock_XPosSet,X运行位置,Int16,W,
,,,,,ns=4;s=|var|Inovance-X86-Linux.Application.OPC_UA.Lock_YPosSet,Y运行位置,Int16,W,
,,,,,ns=4;s=|var|Inovance-X86-Linux.Application.OPC_UA.Lock_Z1PosSet,Z1运行位置,Int16,W,
,,,,,ns=4;s=|var|Inovance-X86-Linux.Application.OPC_UA.Lock_Z2PosSet,Z2运行位置,Int16,W,
,,,,,ns=4;s=|var|Inovance-X86-Linux.Application.OPC_UA.Lock_XSpeed,X速度,Int16,W,
,,,,,ns=4;s=|var|Inovance-X86-Linux.Application.OPC_UA.Lock_YSpeed,Y速度,Int16,W,
,,,,,ns=4;s=|var|Inovance-X86-Linux.Application.OPC_UA.Lock_Z1Speed,Z1速度,Int16,W,
,,,,,ns=4;s=|var|Inovance-X86-Linux.Application.OPC_UA.Lock_Z2Speed,Z2速度,Int16,W,
,,,,,ns=4;s=|var|Inovance-X86-Linux.Application.OPC_UA.Lock_CmdType,指令类型,Int16,W,
,,,,,ns=4;s=|var|Inovance-X86-Linux.Application.OPC_UA.Lock_CmdTrig,指令触发,Int16,W,
,,,,,ns=4;s=|var|Inovance-X86-Linux.Application.OPC_UA.Lock_JawPosition,夹爪位置,Double,W,
,,,,,ns=4;s=|var|Inovance-X86-Linux.Application.OPC_UA.Lock_JawForce,夹爪力度,Double,W,
,,,,,,,,,
,,,,,,,,,
,,,,,,,,,
"快换
1=X向左
2=X向右
3=Z1向左
4=Z1向右
5=Z2向左
6=Z2向右
7=推轴向左
8=推轴向右
9=Z3向左
10=Z3向右
11=物料顶出
12=物料放置
13=磁力搅拌运行
14=复位",,,,,ns=4;s=|var|Inovance-X86-Linux.Application.OPC_UA.QuickChange_XPosFB,X位置反馈,Int16,R,
,,,,,ns=4;s=|var|Inovance-X86-Linux.Application.OPC_UA.QuickChange_Z1PosFB,Z1位置反馈,Int16,R,
,,,,,ns=4;s=|var|Inovance-X86-Linux.Application.OPC_UA.QuickChange_Z2PosFB,Z2位置反馈,Int16,R,
,,,,,ns=4;s=|var|Inovance-X86-Linux.Application.OPC_UA.QuickChange_PushPosFB,推轴反馈,Int16,R,
,,,,,ns=4;s=|var|Inovance-X86-Linux.Application.OPC_UA.QuickChange_Z3PosFB,Z3位置反馈,Int16,R,
,,,,,ns=4;s=|var|Inovance-X86-Linux.Application.OPC_UA.QuickChange_CompleteFB,完成反馈,Int16,R,
,,,,,ns=4;s=|var|Inovance-X86-Linux.Application.OPC_UA.QuickChange_XPosSet,X运行位置,Int16,W,
,,,,,ns=4;s=|var|Inovance-X86-Linux.Application.OPC_UA.QuickChange_TopZPosSet,顶料Z位置,Int16,W,
,,,,,ns=4;s=|var|Inovance-X86-Linux.Application.OPC_UA.QuickChange_TakeZPosSet,接料Z位置,Int16,W,
,,,,,ns=4;s=|var|Inovance-X86-Linux.Application.OPC_UA.QuickChange_PushPosSet,推轴运行位置,Int16,W,
,,,,,ns=4;s=|var|Inovance-X86-Linux.Application.OPC_UA.QuickChange_PushZPosSet,压料Z运行位置,Int16,W,
,,,,,ns=4;s=|var|Inovance-X86-Linux.Application.OPC_UA.QuickChange_XSpeed,X速度,Int16,W,
,,,,,ns=4;s=|var|Inovance-X86-Linux.Application.OPC_UA.QuickChange_Z1Speed,Z1速度,Int16,W,
,,,,,ns=4;s=|var|Inovance-X86-Linux.Application.OPC_UA.QuickChange_Z2Speed,Z2速度,Int16,W,
,,,,,ns=4;s=|var|Inovance-X86-Linux.Application.OPC_UA.QuickChange_PushSpeed,推轴速度,Int16,W,
,,,,,ns=4;s=|var|Inovance-X86-Linux.Application.OPC_UA.QuickChange_Z3Speed,Z3速度,Int16,W,
,,,,,ns=4;s=|var|Inovance-X86-Linux.Application.OPC_UA.QuickChange_CmdType,指令类型,Int16,W,
,,,,,ns=4;s=|var|Inovance-X86-Linux.Application.OPC_UA.QuickChange_CmdTrig,指令触发,Int16,W,
,,,,,ns=4;s=|var|Inovance-X86-Linux.Application.OPC_UA.QuickChange_StirRPM,磁力搅拌转速,Int16,,
,,,,,ns=4;s=|var|Inovance-X86-Linux.Application.OPC_UA.QuickChange_StirTemp,磁力搅拌温度,Int16,,
,,,,,ns=4;s=|var|Inovance-X86-Linux.Application.OPC_UA.QuickChange_StirTime,磁力搅拌时间(分),Int16,,
,,,,,,,,,
,,,,,,,,,
"离心机
1=Y向左
2=Y向右
3=Z向左
4=Z向右
5=放入物料
6=运行离心机
7=取出物料
8=复位
9=夹爪张开
10=夹爪夹紧",,,,,ns=4;s=|var|Inovance-X86-Linux.Application.OPC_UA.Centrifuge_YPosFB,Y位置反馈,Int16,R,
,,,,,ns=4;s=|var|Inovance-X86-Linux.Application.OPC_UA.Centrifuge_ZPosFB,Z位置反馈,Int16,R,
,,,,,ns=4;s=|var|Inovance-X86-Linux.Application.OPC_UA.Centrifuge_CompleteFB,完成反馈,Int16,R,
,,,,,ns=4;s=|var|Inovance-X86-Linux.Application.OPC_UA.Centrifuge_YPosSet,Y运行位置,Int16,W,
,,,,,ns=4;s=|var|Inovance-X86-Linux.Application.OPC_UA.Centrifuge_ZPosSet,台面Z位置,Int16,W,
,,,,,ns=4;s=|var|Inovance-X86-Linux.Application.OPC_UA.Centrifuge_InnerZPosSet,离心机内Z位置,Int16,W,
,,,,,ns=4;s=|var|Inovance-X86-Linux.Application.OPC_UA.Centrifuge_RPM,离心机转速,Int16,W,
,,,,,ns=4;s=|var|Inovance-X86-Linux.Application.OPC_UA.Centrifuge_Time,离心机时间,Int16,W,
,,,,,ns=4;s=|var|Inovance-X86-Linux.Application.OPC_UA.Centrifuge_PlateNo,"离心机里板位号(1,2,3,4)",Int16,W,
,,,,,,,,W,
,,,,,ns=4;s=|var|Inovance-X86-Linux.Application.OPC_UA.Centrifuge_YSpeed,Y速度,Int16,W,
,,,,,ns=4;s=|var|Inovance-X86-Linux.Application.OPC_UA.Centrifuge_ZSpeed,Z速度,Int16,W,
,,,,,ns=4;s=|var|Inovance-X86-Linux.Application.OPC_UA.Centrifuge_CmdType,指令类型,Int16,W,
,,,,,ns=4;s=|var|Inovance-X86-Linux.Application.OPC_UA.Centrifuge_CmdTrig,指令触发,Int16,W,
,,,,,,,,,
,,,,,,,,,
,,,,,,,,,
,,,,,,,,,
,,,,,,,,,
,,,,,,,,,
"离心管液体处理
1=X向左
2=X向右
3=Y向前
4=Y向后
5=8通道Z向上
6=8通道Z向下
7=8通道移液吸
8=8通道移液放
9=大夹爪Z向上
10=大夹爪Z向下
11=单通道移液吸
12=单通道移液放
13=单通道向上
14=单通道向下
15=小夹爪向上
16=小夹爪向下
17=磁力架轴向上
18=磁力架轴向下
19=8通道装载
20=8通道吸液
21=8通道放液
22=8通道卸载
23=单通道装载
24=单通道吸液
25=单通道放液
26=单通道卸载
27=小夹爪开盖
28=小夹爪关盖
29=小夹爪抓取
30=小夹爪放置
31=大夹爪抓取
32=大夹爪放置
33=单通道混匀
34=8通道混匀
35=超神波混匀
36=复位
37=xyz回原点
38=模块1恒温打开
39=模块1恒温关闭
40=模块2恒温打开
41=模块2恒温关闭
42=模块3恒温打开
43=模块3恒温关闭
44=模块4恒温打开
45=模块4恒温关闭
46=模块4震荡打开
47=模块4震荡关闭 48",,,,,ns=4;s=|var|Inovance-X86-Linux.Application.OPC_UA.Tube_XPosFB,X位置反馈,Int16,R,
,,,,,ns=4;s=|var|Inovance-X86-Linux.Application.OPC_UA.Tube_YPosFB,Y位置反馈,Int16,R,
,,,,,ns=4;s=|var|Inovance-X86-Linux.Application.OPC_UA.Tube_Z1PosFB,Z1位置反馈,Int16,R,
,,,,,ns=4;s=|var|Inovance-X86-Linux.Application.OPC_UA.Tube_P1PosFB,P1位置反馈,Int16,R,
,,,,,ns=4;s=|var|Inovance-X86-Linux.Application.OPC_UA.Tube_Z2PosFB,Z2位置反馈,Int16,R,
,,,,,ns=4;s=|var|Inovance-X86-Linux.Application.OPC_UA.Tube_P2PosFB,P2位置反馈,Int16,R,
,,,,,ns=4;s=|var|Inovance-X86-Linux.Application.OPC_UA.Tube_Z3PosFB,Z3位置反馈,Int16,R,
,,,,,ns=4;s=|var|Inovance-X86-Linux.Application.OPC_UA.Tube_Z4PosFB,Z4位置反馈,Int16,R,
,,,,,ns=4;s=|var|Inovance-X86-Linux.Application.OPC_UA.Tube_MPosFB,M轴位置反馈,Int16,R,
,,,,,ns=4;s=|var|Inovance-X86-Linux.Application.OPC_UA.Tube_CompleteFB,完成反馈,Int16,R,
,,,,,ns=4;s=|var|Inovance-X86-Linux.Application.OPC_UA.Tube_ThermostaticModule1_TemperatureFB,恒温模块1温度反馈,Int16,R,
,,,,,ns=4;s=|var|Inovance-X86-Linux.Application.OPC_UA.Tube_ThermostaticModule2_TemperatureFB,恒温模块2温度反馈,Int16,R,
,,,,,ns=4;s=|var|Inovance-X86-Linux.Application.OPC_UA.Tube_ThermostaticModule3_TemperatureFB,恒温模块3温度反馈,Int16,R,
,,,,,ns=4;s=|var|Inovance-X86-Linux.Application.OPC_UA.Tube_ThermostaticModule4_TemperatureFB,恒温模块4温度反馈,Int16,R,
,,,,,ns=4;s=|var|Inovance-X86-Linux.Application.OPC_UA.Tube_XPosSet,X运行位置,Int16,W,
,,,,,ns=4;s=|var|Inovance-X86-Linux.Application.OPC_UA.Tube_YPosSet,Y运行位置,Int16,W,
,,,,,ns=4;s=|var|Inovance-X86-Linux.Application.OPC_UA.Tube_Z1PosSet,Z1运行位置,Int16,W,
,,,,,ns=4;s=|var|Inovance-X86-Linux.Application.OPC_UA.Tube_P1PosSet,P1运行位置,Int16,W,
,,,,,ns=4;s=|var|Inovance-X86-Linux.Application.OPC_UA.Tube_Z2PosSet,Z2运行位置,Int16,W,
,,,,,ns=4;s=|var|Inovance-X86-Linux.Application.OPC_UA.Tube_P2PosSet,P2运行位置,Int16,W,
,,,,,ns=4;s=|var|Inovance-X86-Linux.Application.OPC_UA.Tube_Z3PosSet,Z3运行位置,Int16,W,
,,,,,ns=4;s=|var|Inovance-X86-Linux.Application.OPC_UA.Tube_Z4PosSet,Z4运行位置,Int16,W,
,,,,,ns=4;s=|var|Inovance-X86-Linux.Application.OPC_UA.Tube_MPosSet,M轴运行位置,Int16,W,
,,,,,ns=4;s=|var|Inovance-X86-Linux.Application.OPC_UA.Tube_XSpeed,X速度,Int16,W,
,,,,,ns=4;s=|var|Inovance-X86-Linux.Application.OPC_UA.Tube_YSpeed,Y速度,Int16,W,
,,,,,ns=4;s=|var|Inovance-X86-Linux.Application.OPC_UA.Tube_Z1Speed,Z1速度,Int16,W,
,,,,,ns=4;s=|var|Inovance-X86-Linux.Application.OPC_UA.Tube_P1Speed,P1速度,Int16,W,
,,,,,ns=4;s=|var|Inovance-X86-Linux.Application.OPC_UA.Tube_Z2Speed,Z2速度,Int16,W,
,,,,,ns=4;s=|var|Inovance-X86-Linux.Application.OPC_UA.Tube_P2Speed,P2速度,Int16,W,
,,,,,ns=4;s=|var|Inovance-X86-Linux.Application.OPC_UA.Tube_Z3Speed,Z3速度,Int16,W,
,,,,,ns=4;s=|var|Inovance-X86-Linux.Application.OPC_UA.Tube_Z4Speed,Z4速度,Int16,W,
,,,,,ns=4;s=|var|Inovance-X86-Linux.Application.OPC_UA.Tube_MSpeed,M轴速度,Int16,W,
,,,,,ns=4;s=|var|Inovance-X86-Linux.Application.OPC_UA.Tube_CmdType,指令类型,Int16,W,
,,,,,ns=4;s=|var|Inovance-X86-Linux.Application.OPC_UA.Tube_CmdTrig,指令触发,Int16,W,
,,,,,ns=4;s=|var|Inovance-X86-Linux.Application.OPC_UA.Tube_Ch8Blow,8通道吹样,Int16,W,
,,,,,ns=4;s=|var|Inovance-X86-Linux.Application.OPC_UA.Tube_Ch1Blow,单通道吹样,Int16,W,
,,,,,ns=4;s=|var|Inovance-X86-Linux.Application.OPC_UA.Tube_Ch8ReverseAspirate,8通道反向吸液,Int16,W,
,,,,,ns=4;s=|var|Inovance-X86-Linux.Application.OPC_UA.Tube_Ch1ReverseAspirate,单通道反向吸液,Int16,W,
,,,,,ns=4;s=|var|Inovance-X86-Linux.Application.OPC_UA.Tube_SmallGripperAngle,小夹爪旋转角度,Int16,W,
,,,,,ns=4;s=|var|Inovance-X86-Linux.Application.OPC_UA.Tube_SmallGripperForce,小夹爪力度,Int16,W,
,,,,,ns=4;s=|var|Inovance-X86-Linux.Application.OPC_UA.Tube_MixCounts,混匀次数,Int16,W,
,,,,,ns=4;s=|var|Inovance-X86-Linux.Application.OPC_UA.Tube_SmallGripperOpenLidStart,小夹爪开盖初始位置,Int16,W,
,,,,,ns=4;s=|var|Inovance-X86-Linux.Application.OPC_UA.Tube_SmallGripperOpenLidEnd,小夹爪开盖结束位置,Int16,W,
,,,,,ns=4;s=|var|Inovance-X86-Linux.Application.OPC_UA.Tube_SmallGripperCloseLidStart,小夹爪关盖初始位置,Int16,W,
,,,,,ns=4;s=|var|Inovance-X86-Linux.Application.OPC_UA.Tube_SmallGripperCloseLidEnd,小夹爪关盖初始位置,Int16,W,
,,,,,ns=4;s=|var|Inovance-X86-Linux.Application.OPC_UA.Tube_SmallGripperOpenLidSpeed,小夹爪开盖速度,Int16,W,
,,,,,ns=4;s=|var|Inovance-X86-Linux.Application.OPC_UA.Tube_SmallGripperCloseLidSpeed,小夹爪关盖速度,Int16,W,
,,,,,ns=4;s=|var|Inovance-X86-Linux.Application.OPC_UA.Tube_SmallGripperOpenLid_RotationSpeed,开盖旋转速度,Int16,W,
,,,,,ns=4;s=|var|Inovance-X86-Linux.Application.OPC_UA.Tube_SmallGripperCloseLid_RotationSpeed,关盖旋转速度,Int16,W,
,,,,,ns=4;s=|var|Inovance-X86-Linux.Application.OPC_UA.Tube_UltrasoundTime,超声波混匀时间,Int16,W,
,,,,,ns=4;s=|var|Inovance-X86-Linux.Application.OPC_UA.Tube_ThermostaticModule_Temperature,恒温模块温度,Int16,W,
,,,,,ns=4;s=|var|Inovance-X86-Linux.Application.OPC_UA.Tube_ThermostaticModule_Time,恒温模块温控时间,Int16,W,
,,,,,ns=4;s=|var|Inovance-X86-Linux.Application.OPC_UA.Tube_ThermostaticModule4_Shaking_Speed,恒温模块4震荡转速,Int16,W,
,,,,,ns=4;s=|var|Inovance-X86-Linux.Application.OPC_UA.Tube_ThermostaticModule4_Shaking_Time,恒温模块4震荡时间,Int16,W,
,,,,,ns=4;s=|var|Inovance-X86-Linux.Application.OPC_UA.Tube_UltrasoundSTOP,超声波停止,Int16,W,1停止
,,,,,,,,,
"堆栈
1=堆栈左旋转
2=堆栈右旋转
3=相机Z向上
4=相机Z向下
5=堆栈旋转至目标位置
6=相机移动至目标位置并检测有无
7=复位",,,,,ns=4;s=|var|Inovance-X86-Linux.Application.OPC_UA.Stack_RPosFB,R位置反馈,Int16,W,
,,,,,ns=4;s=|var|Inovance-X86-Linux.Application.OPC_UA.Stack_ZPosFB,Z位置反馈,Int16,W,
,,,,,ns=4;s=|var|Inovance-X86-Linux.Application.OPC_UA.Stack_CompleteFB,完成反馈,Int16,R,
,,,,,ns=4;s=|var|Inovance-X86-Linux.Application.OPC_UA.Stack_RPosSet,R运行位置,Int16,W,
,,,,,ns=4;s=|var|Inovance-X86-Linux.Application.OPC_UA.Stack_ZPosSet,Z运行位置,Int16,W,
,,,,,ns=4;s=|var|Inovance-X86-Linux.Application.OPC_UA.Stack_RSpeed,R速度,Int16,W,
,,,,,ns=4;s=|var|Inovance-X86-Linux.Application.OPC_UA.Stack_ZSpeed,Z速度,Int16,W,
,,,,,ns=4;s=|var|Inovance-X86-Linux.Application.OPC_UA.Stack_CmdType,指令类型,Int16,W,
,,,,,ns=4;s=|var|Inovance-X86-Linux.Application.OPC_UA.Stack_CmdTrig,指令触发,Int16,W,
,,,,,ns=4;s=|var|Inovance-X86-Linux.Application.OPC_UA.Stack_DetectResult,物料检测结果,Int16,W,
,,,,,,,,,
,,,,,,,,,
,,,,,,,,,
,,,,,,,,,
"机械手
1=X向左
2=X向右
3=机械手去目标位置目标板位夹料
4=机械手去目标位置目标板位放料
7=复位
8=失能
             9=使能               10给机器人发动作命令收到动作完成反馈要复位 动作命令",,,,,ns=4;s=|var|Inovance-X86-Linux.Application.OPC_UA.Robot_XPosFB,X位置反馈,Int16,R,
,,,,,ns=4;s=|var|Inovance-X86-Linux.Application.OPC_UA.Robot_FinishFB,完成反馈,Int16,R,
,,,,,ns=4;s=|var|Inovance-X86-Linux.Application.OPC_UA.Robot_XPosSet,X运行位置,Int16,W,
,,,,,ns=4;s=|var|Inovance-X86-Linux.Application.OPC_UA.Robot_XSpeedSet,X速度,Int16,W,
,,,,,ns=4;s=|var|Inovance-X86-Linux.Application.OPC_UA.Robot_ModuleNoSet,机械手模块号(每个工站对应不同动作),Int16,W,设备从左到右依次排列（紧缩机构 1、快换机构 2、离心机 3、9320标机4、离心管液体处理工站5，堆栈6，固体加样7，烘箱8，真空烘箱9，）
,,,,,ns=4;s=|var|Inovance-X86-Linux.Application.OPC_UA.Robot_Oven,机械手在烘箱的运行动作,Int16,W,1指第一个动作，2指第二个动作，以此类推
,,,,,ns=4;s=|var|Inovance-X86-Linux.Application.OPC_UA.Robot_Locking_mechanism,机械手在紧缩结构的运行动作,Int16,W,1指第一个动作，2指第二个动作，以此类推
,,,,,ns=4;s=|var|Inovance-X86-Linux.Application.OPC_UA.Robot_Quick_change_mechanism ,机械手在快换结构的运行动作,Int16,W,1指第一个动作，2指第二个动作，以此类推
,,,,,ns=4;s=|var|Inovance-X86-Linux.Application.OPC_UA.Robot_Centrifuge,机械手在离心机的运行动作,Int16,W,1指第一个动作，2指第二个动作，以此类推
,,,,,ns=4;s=|var|Inovance-X86-Linux.Application.OPC_UA.Robot_Vacuum_oven,机械手在真空烘箱的运行动作,Int16,W,1指第一个动作，2指第二个动作，以此类推
,,,,,ns=4;s=|var|Inovance-X86-Linux.Application.OPC_UA.Robot_9320,机械手在9320的运行动作,Int16,W,1指第一个动作，2指第二个动作，以此类推
,,,,,ns=4;s=|var|Inovance-X86-Linux.Application.OPC_UA.Robot_Centrifuge_tube_liquid_handling,机械手在离心管液体处理的运行动作,Int16,W,1指第一个动作，2指第二个动作，以此类推
,,,,,ns=4;s=|var|Inovance-X86-Linux.Application.OPC_UA.Robot_Stack,机械手在堆栈的运行动作,Int16,W,1指第一个动作，2指第二个动作，以此类推
,,,,,ns=4;s=|var|Inovance-X86-Linux.Application.OPC_UA.Robot_Add_solid_sample,机械手在固体加样的运行动作,Int16,W,1指第一个动作，2指第二个动作，以此类推
,,,,,ns=4;s=|var|Inovance-X86-Linux.Application.OPC_UA.Robot_Oven_Done ,机械手在烘箱的运行动作完成反馈,Int16,W,1指第一个动作完成，2指第二个动作完成，以此类推
,,,,,ns=4;s=|var|Inovance-X86-Linux.Application.OPC_UA.Robot_Locking_mechanism_Done,机械手在紧缩结构的运行动作完成反馈,Int16,W,1指第一个动作完成，2指第二个动作完成，以此类推
,,,,,ns=4;s=|var|Inovance-X86-Linux.Application.OPC_UA.Robot_Quick_change_mechanism_Done,机械手在快换结构的运行动作完成反馈,Int16,W,1指第一个动作完成，2指第二个动作完成，以此类推
,,,,,ns=4;s=|var|Inovance-X86-Linux.Application.OPC_UA.Robot_Centrifuge_Done,机械手在离心机的运行动作完成反馈,Int16,W,1指第一个动作完成，2指第二个动作完成，以此类推
,,,,,ns=4;s=|var|Inovance-X86-Linux.Application.OPC_UA.Robot_Vacuum_oven_Done,机械手在真空烘箱的运行动作完成反馈,Int16,W,1指第一个动作完成，2指第二个动作完成，以此类推
,,,,,ns=4;s=|var|Inovance-X86-Linux.Application.OPC_UA.Robot_Nine_9320_Done,机械手在9320的运行动作完成反馈,Int16,W,1指第一个动作完成，2指第二个动作完成，以此类推
,,,,,ns=4;s=|var|Inovance-X86-Linux.Application.OPC_UA.Robot_Centrifuge_tube_liquid_handling_Done,机械手在离心管液体处理的运行动作完成反馈,Int16,W,1指第一个动作完成，2指第二个动作完成，以此类推
,,,,,ns=4;s=|var|Inovance-X86-Linux.Application.OPC_UA.Robot_Stack_Done,机械手在堆栈的运行动作完成反馈,Int16,W,1指第一个动作完成，2指第二个动作完成，以此类推
,,,,,ns=4;s=|var|Inovance-X86-Linux.Application.OPC_UA.Robot_Add_solid_sample_Done,机械手在固体加样的运行动作完成反馈,Int16,W,1指第一个动作完成，2指第二个动作完成，以此类推
,,,,,ns=4;s=|var|Inovance-X86-Linux.Application.OPC_UA.Robot_Error_code,机器人反馈错误代码,Int16,W,机器人反馈报错代码
,,,,,ns=4;s=|var|Inovance-X86-Linux.Application.OPC_UA.Robot_Running_Status,机器人运行状态,Int16,W,机器人是否运行动作
,,,,,ns=4;s=|var|Inovance-X86-Linux.Application.OPC_UA.Robot_gohome,机器人回原点,Int16,W,控制机器人回原点，1回原点，
,,,,,ns=4;s=|var|Inovance-X86-Linux.Application.OPC_UA.Robot_gohome_done,机器人回原点完成,Int16,W,机器人反馈是否回原点完成，1是回原点完成
,,,,,ns=4;s=|var|Inovance-X86-Linux.Application.OPC_UA.Robot_STOP,机器人停止,Int16,W,机器人收1 停止
,,,,,ns=4;s=|var|Inovance-X86-Linux.Application.OPC_UA.Robot_Pick up or place,机器人夹取还是放置,Int16,W,夹爪夹取还是放置，0放置，1夹取
,,,,,ns=4;s=|var|Inovance-X86-Linux.Application.OPC_UA.Robot_CmdType,指令类型,Int16,W,
,,,,,ns=4;s=|var|Inovance-X86-Linux.Application.OPC_UA.Robot_CmdTrig,指令触发,Int16,W,
,,,,,,,,,
,,,,,,,,,
,,,,,,,,,
,,,,,,,,,
,,,,,,,,,
"固体加样
1=X向左
2=X向右
3=Y向里
4=Y向外
5=夹爪Z向上
6=夹爪Z向下
7=D开门
8=D关门
9=取料筒时Y轴向里
10=取料筒时Y轴向外
11=加料
12=夹爪夹料
13=夹爪放料
14=天枰去皮
15=天枰称重
16=料筒Z向上
17=料筒Z向下
18=放料筒时Y轴向里
19=放料筒时Y轴向外
20=复位
21=夹爪夹紧
22=夹爪松开
23=xyz回原点",,,,,ns=4;s=|var|Inovance-X86-Linux.Application.OPC_UA.Solid_XPosFB,X位置反馈,Int16,R,
,,,,,ns=4;s=|var|Inovance-X86-Linux.Application.OPC_UA.Solid_YPosFB,Y位置反馈,Int16,R,
,,,,,ns=4;s=|var|Inovance-X86-Linux.Application.OPC_UA.Solid_MaterialZPosFB,料筒Z位置反馈,Int32,R,
,,,,,ns=4;s=|var|Inovance-X86-Linux.Application.OPC_UA.Solid_GripperZPosFB,夹爪Z位置反馈,Int16,R,
,,,,,ns=4;s=|var|Inovance-X86-Linux.Application.OPC_UA.Solid_DoorPosFB,开关门位置反馈,Int16,R,
,,,,,ns=4;s=|var|Inovance-X86-Linux.Application.OPC_UA.Solid_WeightFB,天枰重量反馈,Int32,R,
,,,,,ns=4;s=|var|Inovance-X86-Linux.Application.OPC_UA.Solid_CompleteFB,完成反馈,Int16,R,
,,,,,ns=4;s=|var|Inovance-X86-Linux.Application.OPC_UA.Solid_XPosSet,X运行位置,Int16,W,
,,,,,ns=4;s=|var|Inovance-X86-Linux.Application.OPC_UA.Solid_YPosSet,Y运行位置,Int16,W,
,,,,,ns=4;s=|var|Inovance-X86-Linux.Application.OPC_UA.Solid_MaterialZPosSet,料筒Z运行位置,Int32,W,
,,,,,ns=4;s=|var|Inovance-X86-Linux.Application.OPC_UA.Solid_VoluneWeightSet,加样量,Int32,W,
,,,,,ns=4;s=|var|Inovance-X86-Linux.Application.OPC_UA.Solid_GripperZPosSet,夹爪Z运行位置,Int16,W,
,,,,,ns=4;s=|var|Inovance-X86-Linux.Application.OPC_UA.Solid_DoorPosSet,门开关位置,Int16,W,
,,,,,ns=4;s=|var|Inovance-X86-Linux.Application.OPC_UA.Solid_XSpeed,X速度,Int16,W,
,,,,,ns=4;s=|var|Inovance-X86-Linux.Application.OPC_UA.Solid_YSpeed,Y速度,Int16,W,
,,,,,ns=4;s=|var|Inovance-X86-Linux.Application.OPC_UA.Solid_MaterialZSpeed,料筒Z速度,Int16,W,
,,,,,ns=4;s=|var|Inovance-X86-Linux.Application.OPC_UA.Solid_GripperZSpeed,夹爪Z速度,Int16,W,
,,,,,ns=4;s=|var|Inovance-X86-Linux.Application.OPC_UA.Solid_DoorSpeed,D速度,Int16,W,
,,,,,ns=4;s=|var|Inovance-X86-Linux.Application.OPC_UA.Solid_CmdType,指令类型,Int16,W,
,,,,,ns=4;s=|var|Inovance-X86-Linux.Application.OPC_UA.Solid_CmdTrig,指令触发,Int16,W,
,,,,,,,,,
,,,,,,,,,
,,,,,,,,,
总复位,,,,,ns=4;s=|var|Inovance-X86-Linux.Application.OPC_UA.System_ResetCompleteFB,复位完成反馈,Int16,R,
,,,,,ns=4;s=|var|Inovance-X86-Linux.Application.OPC_UA.System_ResetTrig,复位触发,Int16,W,
,,,,,,,,,
,,,,,,,,,
,,,,,,,,,
,,,,,,,,,
,,,,,,,,,
,,,,,,,,,
,,,,,,,,,
停止,,,,,ns=4;s=|var|Inovance-X86-Linux.Application.OPC_UA.System_StopTrig,停止触发,Int16,W,
,,,,,,,,,
,,,,,,,,,
,,,,,,,,,
,,,,,,,,,
"常规烘箱
1=启动
2=复位/停止",,,,,ns=4;s=|var|Inovance-X86-Linux.Application.OPC_UA.Oven_TempFB,温度反馈,Int16,R,
,,,,,ns=4;s=|var|Inovance-X86-Linux.Application.OPC_UA.Oven_CompleteFB,完成反馈,Int16,R,
,,,,,ns=4;s=|var|Inovance-X86-Linux.Application.OPC_UA.Oven_TempSet,运行温度设置,Int16,W,
,,,,,ns=4;s=|var|Inovance-X86-Linux.Application.OPC_UA.Oven_TimeHourSet,运行时间设置(小时),Int16,W,
,,,,,ns=4;s=|var|Inovance-X86-Linux.Application.OPC_UA.Oven_TimeMinuteSet,运行时间设置(分钟),,,
,,,,,ns=4;s=|var|Inovance-X86-Linux.Application.OPC_UA.Oven_CmdType,指令类型,Int16,W,
,,,,,ns=4;s=|var|Inovance-X86-Linux.Application.OPC_UA.Oven_CmdTrig,指令触发,Int16,W,
,,,,,ns=4;s=|var|Inovance-X86-Linux.Application.OPC_UA.Oven_Running_Status,运行状态,Int16,w,读取烘箱状态1运行，0 停止
,,,,,,,,,
,,,,,,,,,
,,,,,,,,,
,,,,,,,,,
"真空烘箱
1=启动
2=复位 100=开门，101=关门",,,,,ns=4;s=|var|Inovance-X86-Linux.Application.OPC_UA.VacuumOven_TempFB,温度反馈,Int16,R,
,,,,,ns=4;s=|var|Inovance-X86-Linux.Application.OPC_UA.VacuumOven_TimeFB,时间反馈,Int16,R,
,,,,,ns=4;s=|var|Inovance-X86-Linux.Application.OPC_UA.VacuumOven_PressureFB,真空度反馈,Int16,R,
,,,,,ns=4;s=|var|Inovance-X86-Linux.Application.OPC_UA.VacuumOven_CompleteFB,完成反馈,Int16,R,
,,,,,ns=4;s=|var|Inovance-X86-Linux.Application.OPC_UA.VacuumOven_TempSet_1,运行温度设置1,Int16,W,
,,,,,ns=4;s=|var|Inovance-X86-Linux.Application.OPC_UA.VacuumOven_TimeSet_1,运行时间设置1,Int16,W,
,,,,,ns=4;s=|var|Inovance-X86-Linux.Application.OPC_UA.VacuumOven_VacuumHigh_1,真空控制上限1,Int16,W,
,,,,,ns=4;s=|var|Inovance-X86-Linux.Application.OPC_UA.VacuumOven_VacuumLow_1,真空控制下限1,Int16,W,
,,,,,ns=4;s=|var|Inovance-X86-Linux.Application.OPC_UA.VacuumOven_TempSet_2,运行温度设置2,Int16,W,
,,,,,ns=4;s=|var|Inovance-X86-Linux.Application.OPC_UA.VacuumOven_TimeSet_2,运行时间设置2,Int16,W,
,,,,,ns=4;s=|var|Inovance-X86-Linux.Application.OPC_UA.VacuumOven_VacuumHigh_2,真空控制上限2,Int16,W,
,,,,,ns=4;s=|var|Inovance-X86-Linux.Application.OPC_UA.VacuumOven_VacuumLow_2,真空控制下限2,Int16,W,
,,,,,ns=4;s=|var|Inovance-X86-Linux.Application.OPC_UA.VacuumOven_TempSet_3,运行温度设置3,Int16,W,
,,,,,ns=4;s=|var|Inovance-X86-Linux.Application.OPC_UA.VacuumOven_TimeSet_3,运行时间设置3,Int16,W,
,,,,,ns=4;s=|var|Inovance-X86-Linux.Application.OPC_UA.VacuumOven_VacuumHigh_3,真空控制上限3,Int16,W,
,,,,,ns=4;s=|var|Inovance-X86-Linux.Application.OPC_UA.VacuumOven_VacuumLow_3,真空控制下限3,Int16,W,
,,,,,ns=4;s=|var|Inovance-X86-Linux.Application.OPC_UA.VacuumOven_TempSet_4,运行温度设置4,Int16,W,
,,,,,ns=4;s=|var|Inovance-X86-Linux.Application.OPC_UA.VacuumOven_TimeSet_4,运行时间设置4,Int16,W,
,,,,,ns=4;s=|var|Inovance-X86-Linux.Application.OPC_UA.VacuumOven_VacuumHigh_4,真空控制上限4,Int16,W,
,,,,,ns=4;s=|var|Inovance-X86-Linux.Application.OPC_UA.VacuumOven_VacuumLow_4,真空控制下限4,Int16,W,
,,,,,ns=4;s=|var|Inovance-X86-Linux.Application.OPC_UA.VacuumOven_TempSet_5,运行温度设置5,Int16,W,
,,,,,ns=4;s=|var|Inovance-X86-Linux.Application.OPC_UA.VacuumOven_TimeSet_5,运行时间设置5,Int16,W,
,,,,,ns=4;s=|var|Inovance-X86-Linux.Application.OPC_UA.VacuumOven_VacuumHigh_5,真空控制上限5,Int16,W,
,,,,,ns=4;s=|var|Inovance-X86-Linux.Application.OPC_UA.VacuumOven_VacuumLow_5,真空控制下限5,Int16,W,
,,,,,ns=4;s=|var|Inovance-X86-Linux.Application.OPC_UA.VacuumOven_TempSet_6,运行温度设置6,Int16,W,
,,,,,ns=4;s=|var|Inovance-X86-Linux.Application.OPC_UA.VacuumOven_TimeSet_6,运行时间设置6,Int16,W,
,,,,,ns=4;s=|var|Inovance-X86-Linux.Application.OPC_UA.VacuumOven_VacuumHigh_6,真空控制上限6,Int16,W,
,,,,,ns=4;s=|var|Inovance-X86-Linux.Application.OPC_UA.VacuumOven_VacuumLow_6,真空控制下限6,Int16,W,
,,,,,ns=4;s=|var|Inovance-X86-Linux.Application.OPC_UA.VacuumOven_STOP,真空烘箱停止,Int16,W,为1时停止
,,,,,,,,,
,,,,,,,,,
,,,,,,,,,
,,,,,ns=4;s=|var|Inovance-X86-Linux.Application.OPC_UA.VacuumOven_CmdType,指令类型,Int16,W,
,,,,,ns=4;s=|var|Inovance-X86-Linux.Application.OPC_UA.VacuumOven_CmdTrig,指令触发,Int16,W,
,,,,,,,,,
,,,,,,,,,
,,,,,,,,,
,,,,,,,,,
,,,,,,,,,
"七个液冷模块
1=温度设置
2=液冷模块开启
3=液冷模块关闭",,,,,ns=4;s=|var|Inovance-X86-Linux.Application.OPC_UA.Liquid_Cooling_9320_1_FB,9320液冷模块1温度反馈,Int16,R,
,,,,,ns=4;s=|var|Inovance-X86-Linux.Application.OPC_UA.Liquid_Cooling_9320_2_FB,9320液冷模块2温度反馈,Int16,R,
,,,,,ns=4;s=|var|Inovance-X86-Linux.Application.OPC_UA.Liquid_Cooling_CentrifugeTube_1_FB,离心管液体处理模块1温度反馈,Int16,R,
,,,,,ns=4;s=|var|Inovance-X86-Linux.Application.OPC_UA.Liquid_Cooling_CentrifugeTube_2_FB,离心管液体处理模块2温度反馈,Int16,R,
,,,,,ns=4;s=|var|Inovance-X86-Linux.Application.OPC_UA.Liquid_Cooling_CentrifugeTube_3_FB,离心管液体处理模块3温度反馈,Int16,R,
,,,,,ns=4;s=|var|Inovance-X86-Linux.Application.OPC_UA.Liquid_Cooling_CentrifugeTube_4_FB,离心管液体处理模块4温度反馈,Int16,R,
,,,,,ns=4;s=|var|Inovance-X86-Linux.Application.OPC_UA.Liquid_Cooling_CentrifugeTube_5_FB,离心管液体处理模块5温度反馈,Int16,R,
,,,,,ns=4;s=|var|Inovance-X86-Linux.Application.OPC_UA.Liquid_Cooling_Complete_FB,液冷模块开关完成反馈,Int16,R,
,,,,,ns=4;s=|var|Inovance-X86-Linux.Application.OPC_UA.Liquid_Cooling_9320_Temperature_1_SET,9320液冷模块1温度设置,Int16,W,
,,,,,ns=4;s=|var|Inovance-X86-Linux.Application.OPC_UA.Liquid_Cooling_9320_Temperature_2_SET,9320液冷模块2温度设置,Int16,W,
,,,,,ns=4;s=|var|Inovance-X86-Linux.Application.OPC_UA.Liquid_Cooling_CentrifugeTube_Temperature_1_SET,离心管液体处理模块1温度设置,Int16,W,
,,,,,ns=4;s=|var|Inovance-X86-Linux.Application.OPC_UA.Liquid_Cooling_CentrifugeTube_Temperature_2_SET,离心管液体处理模块2温度设置,Int16,W,
,,,,,ns=4;s=|var|Inovance-X86-Linux.Application.OPC_UA.Liquid_Cooling_CentrifugeTube_Temperature_3_SET,离心管液体处理模块3温度设置,Int16,W,
,,,,,ns=4;s=|var|Inovance-X86-Linux.Application.OPC_UA.Liquid_Cooling_CentrifugeTube_Temperature_4_SET,离心管液体处理模块4温度设置,Int16,W,
,,,,,ns=4;s=|var|Inovance-X86-Linux.Application.OPC_UA.Liquid_Cooling_CentrifugeTube_Temperature_5_SET,离心管液体处理模块5温度设置,Int16,W,
,,,,,ns=4;s=|var|Inovance-X86-Linux.Application.OPC_UA.Cooling_CmdType,指令类型,Int16,W,
,,,,,ns=4;s=|var|Inovance-X86-Linux.Application.OPC_UA.Cooling_CmdTrig,指令触发,Int16,W,
,,,,,,,,,
,,,,,,,,,
,,,,,,,,,
,,,,,,,,,
,,,,,,,,,
,,,,,,,,,
,,,,,,,,,
,,,,,,,,,
,,,,,,,,,
,,,,,,,,,
,,,,,,,,,
,,,,,,,,,
,,,,,,,,,
,,,,,,,,,
,,,,,,,,,
,,,,,,,,,
,,,,,,,,,
,,,,,,,,,
,,,,,,,,,
,,,,,,,,,
,,,,,,,,,
,,,,,,,,,
,,,,,,,,,
,,,,,,,,,
,,,,,,,,,
,,,,,,,,,
,,,,,,,,,
,,,,,,,,,
,,,,,,,,,
,,,,,,,,,
,,,,,,,,,
,,,,,,,,,
,,,,,,,,,
,,,,,,,,,
,,,,,,,,,
,,,,,,,,,
,,,,,,,,,
,,,,,,,,,
,,,,,,,,,
,,,,,,,,,
,,,,,,,,,
,,,,,,,,,
,,,,,,,,,
,,,,,,,,,
,,,,,,,,,
,,,,,,,,,
,,,,,,,,,
,,,,,,,,,
,,,,,,,,,
,,,,,,,,,
,,,,,,,,,
,,,,,,,,,
,,,,,,,,,
,,,,,,,,,
,,,,,,,,,
,,,,,,,,,
,,,,,,,,,
,,,,,,,,,
,,,,,,,,,
,,,,,,,,,
,,,,,,,,,
,,,,,,,,,
,,,,,,,,,
,,,,,,,,,
,,,,,,,,,
,,,,,,,,,
,,,,,,,,,
,,,,,,,,,
,,,,,,,,,
,,,,,,,,,
,,,,,,,,,
,,,,,,,,,
,,,,,,,,,
,,,,,,,,,
,,,,,,,,,
,,,,,,,,,
,,,,,,,,,
,,,,,,,,,
,,,,,,,,,
,,,,,,,,,
,,,,,,,,,
,,,,,,,,,
,,,,,,,,,
,,,,,,,,,
,,,,,,,,,
,,,,,,,,,
,,,,,,,,,
,,,,,,,,,
,,,,,,,,,
,,,,,,,,,
,,,,,,,,,
,,,,,,,,,
,,,,,,,,,
,,,,,,,,,
,,,,,,,,,
