Name,EnglishName,NodeType,DataType,NodeLanguage,NodeId,设备模块
锁紧模块X位置反馈,Lock_XPosFB,VARIABLE,INT16,Chinese,ns=4;s=|var|Inovance-X86-Linux.Application.OPC_UA.Lock_XPosFB,"锁紧模块
1=X向左
2=X向右
3=Y向左
4=Y向右
5=Z1向左
6=Z1向右
7=Z2向左
8=Z2向右
9=夹爪夹取
10=夹爪放置
11=电批拧紧
12=电批拧松
13=夹爪夹紧
14=夹爪松开
16=复位"
锁紧模块Y位置反馈,Lock_YPosFB,VARIABLE,INT16,Chinese,ns=4;s=|var|Inovance-X86-Linux.Application.OPC_UA.Lock_YPosFB,
锁紧模块Z1位置反馈,Lock_Z1PosFB,VARIABLE,INT16,Chinese,ns=4;s=|var|Inovance-X86-Linux.Application.OPC_UA.Lock_Z1PosFB,
锁紧模块Z2位置反馈,Lock_Z2PosFB,VARIABLE,INT16,Chinese,ns=4;s=|var|Inovance-X86-Linux.Application.OPC_UA.Lock_Z2PosFB,
锁紧模块完成反馈,Lock_CompleteFB,VARIABLE,INT16,Chinese,ns=4;s=|var|Inovance-X86-Linux.Application.OPC_UA.Lock_CompleteFB,
锁紧模块X运行位置,Lock_XPosSet,VARIABLE,INT16,Chinese,ns=4;s=|var|Inovance-X86-Linux.Application.OPC_UA.Lock_XPosSet,
锁紧模块Y运行位置,Lock_YPosSet,VARIABLE,INT16,Chinese,ns=4;s=|var|Inovance-X86-Linux.Application.OPC_UA.Lock_YPosSet,
锁紧模块Z1运行位置,Lock_Z1PosSet,VARIABLE,INT16,Chinese,ns=4;s=|var|Inovance-X86-Linux.Application.OPC_UA.Lock_Z1PosSet,
锁紧模块Z2运行位置,Lock_Z2PosSet,VARIABLE,INT16,Chinese,ns=4;s=|var|Inovance-X86-Linux.Application.OPC_UA.Lock_Z2PosSet,
锁紧模块X速度,Lock_XSpeed,VARIABLE,INT16,Chinese,ns=4;s=|var|Inovance-X86-Linux.Application.OPC_UA.Lock_XSpeed,
锁紧模块Y速度,Lock_YSpeed,VARIABLE,INT16,Chinese,ns=4;s=|var|Inovance-X86-Linux.Application.OPC_UA.Lock_YSpeed,
锁紧模块Z1速度,Lock_Z1Speed,VARIABLE,INT16,Chinese,ns=4;s=|var|Inovance-X86-Linux.Application.OPC_UA.Lock_Z1Speed,
锁紧模块Z2速度,Lock_Z2Speed,VARIABLE,INT16,Chinese,ns=4;s=|var|Inovance-X86-Linux.Application.OPC_UA.Lock_Z2Speed,
锁紧模块指令类型,Lock_CmdType,VARIABLE,INT16,Chinese,ns=4;s=|var|Inovance-X86-Linux.Application.OPC_UA.Lock_CmdType,
锁紧模块指令触发,Lock_CmdTrig,VARIABLE,INT16,Chinese,ns=4;s=|var|Inovance-X86-Linux.Application.OPC_UA.Lock_CmdTrig,
锁紧模块夹爪位置,Lock_JawPosition,VARIABLE,DOUBLE,Chinese,ns=4;s=|var|Inovance-X86-Linux.Application.OPC_UA.Lock_JawPosition,
锁紧模块夹爪力度,Lock_JawForce,VARIABLE,DOUBLE,Chinese,ns=4;s=|var|Inovance-X86-Linux.Application.OPC_UA.Lock_JawForce,
快换X位置反馈,QuickChange_XPosFB,VARIABLE,INT16,Chinese,ns=4;s=|var|Inovance-X86-Linux.Application.OPC_UA.QuickChange_XPosFB,"快换
1=X向左
2=X向右
3=Z1向左
4=Z1向右
5=Z2向左
6=Z2向右
7=推轴向左
8=推轴向右
9=Z3向左
10=Z3向右
11=物料顶出
12=物料放置
13=磁力搅拌运行
14=复位"
快换Z1位置反馈,QuickChange_Z1PosFB,VARIABLE,INT16,Chinese,ns=4;s=|var|Inovance-X86-Linux.Application.OPC_UA.QuickChange_Z1PosFB,
快换Z2位置反馈,QuickChange_Z2PosFB,VARIABLE,INT16,Chinese,ns=4;s=|var|Inovance-X86-Linux.Application.OPC_UA.QuickChange_Z2PosFB,
快换推轴反馈,QuickChange_PushPosFB,VARIABLE,INT16,Chinese,ns=4;s=|var|Inovance-X86-Linux.Application.OPC_UA.QuickChange_PushPosFB,
快换Z3位置反馈,QuickChange_Z3PosFB,VARIABLE,INT16,Chinese,ns=4;s=|var|Inovance-X86-Linux.Application.OPC_UA.QuickChange_Z3PosFB,
快换完成反馈,QuickChange_CompleteFB,VARIABLE,INT16,Chinese,ns=4;s=|var|Inovance-X86-Linux.Application.OPC_UA.QuickChange_CompleteFB,
快换X运行位置,QuickChange_XPosSet,VARIABLE,INT16,Chinese,ns=4;s=|var|Inovance-X86-Linux.Application.OPC_UA.QuickChange_XPosSet,
快换顶料Z位置,QuickChange_TopZPosSet,VARIABLE,INT16,Chinese,ns=4;s=|var|Inovance-X86-Linux.Application.OPC_UA.QuickChange_TopZPosSet,
快换接料Z位置,QuickChange_TakeZPosSet,VARIABLE,INT16,Chinese,ns=4;s=|var|Inovance-X86-Linux.Application.OPC_UA.QuickChange_TakeZPosSet,
快换推轴运行位置,QuickChange_PushPosSet,VARIABLE,INT16,Chinese,ns=4;s=|var|Inovance-X86-Linux.Application.OPC_UA.QuickChange_PushPosSet,
快换压料Z运行位置,QuickChange_PushZPosSet,VARIABLE,INT16,Chinese,ns=4;s=|var|Inovance-X86-Linux.Application.OPC_UA.QuickChange_PushZPosSet,
快换X速度,QuickChange_XSpeed,VARIABLE,INT16,Chinese,ns=4;s=|var|Inovance-X86-Linux.Application.OPC_UA.QuickChange_XSpeed,
快换Z1速度,QuickChange_Z1Speed,VARIABLE,INT16,Chinese,ns=4;s=|var|Inovance-X86-Linux.Application.OPC_UA.QuickChange_Z1Speed,
快换Z2速度,QuickChange_Z2Speed,VARIABLE,INT16,Chinese,ns=4;s=|var|Inovance-X86-Linux.Application.OPC_UA.QuickChange_Z2Speed,
快换推轴速度,QuickChange_PushSpeed,VARIABLE,INT16,Chinese,ns=4;s=|var|Inovance-X86-Linux.Application.OPC_UA.QuickChange_PushSpeed,
快换Z3速度,QuickChange_Z3Speed,VARIABLE,INT16,Chinese,ns=4;s=|var|Inovance-X86-Linux.Application.OPC_UA.QuickChange_Z3Speed,
快换指令类型,QuickChange_CmdType,VARIABLE,INT16,Chinese,ns=4;s=|var|Inovance-X86-Linux.Application.OPC_UA.QuickChange_CmdType,
快换指令触发,QuickChange_CmdTrig,VARIABLE,INT16,Chinese,ns=4;s=|var|Inovance-X86-Linux.Application.OPC_UA.QuickChange_CmdTrig,
快换磁力搅拌转速,QuickChange_StirRPM,VARIABLE,INT16,Chinese,ns=4;s=|var|Inovance-X86-Linux.Application.OPC_UA.QuickChange_StirRPM,
快换磁力搅拌温度,QuickChange_StirTemp,VARIABLE,INT16,Chinese,ns=4;s=|var|Inovance-X86-Linux.Application.OPC_UA.QuickChange_StirTemp,
快换磁力搅拌时间(分),QuickChange_StirTime,VARIABLE,INT16,Chinese,ns=4;s=|var|Inovance-X86-Linux.Application.OPC_UA.QuickChange_StirTime,
离心机Y位置反馈,Centrifuge_YPosFB,VARIABLE,INT16,Chinese,ns=4;s=|var|Inovance-X86-Linux.Application.OPC_UA.Centrifuge_YPosFB,"离心机
1=Y向左
2=Y向右
3=Z向左
4=Z向右
5=放入物料
6=运行离心机
7=取出物料
8=复位
9=夹爪张开
10=夹爪夹紧"
离心机Z位置反馈,Centrifuge_ZPosFB,VARIABLE,INT16,Chinese,ns=4;s=|var|Inovance-X86-Linux.Application.OPC_UA.Centrifuge_ZPosFB,
离心机完成反馈,Centrifuge_CompleteFB,VARIABLE,INT16,Chinese,ns=4;s=|var|Inovance-X86-Linux.Application.OPC_UA.Centrifuge_CompleteFB,
离心机Y运行位置,Centrifuge_YPosSet,VARIABLE,INT16,Chinese,ns=4;s=|var|Inovance-X86-Linux.Application.OPC_UA.Centrifuge_YPosSet,
离心机台面Z位置,Centrifuge_ZPosSet,VARIABLE,INT16,Chinese,ns=4;s=|var|Inovance-X86-Linux.Application.OPC_UA.Centrifuge_ZPosSet,
离心机离心机内Z位置,Centrifuge_InnerZPosSet,VARIABLE,INT16,Chinese,ns=4;s=|var|Inovance-X86-Linux.Application.OPC_UA.Centrifuge_InnerZPosSet,
离心机离心机转速,Centrifuge_RPM,VARIABLE,INT16,Chinese,ns=4;s=|var|Inovance-X86-Linux.Application.OPC_UA.Centrifuge_RPM,
离心机离心机时间,Centrifuge_Time,VARIABLE,INT16,Chinese,ns=4;s=|var|Inovance-X86-Linux.Application.OPC_UA.Centrifuge_Time,
"离心机离心机里板位号(1,2,3,4)",Centrifuge_PlateNo,VARIABLE,INT16,Chinese,ns=4;s=|var|Inovance-X86-Linux.Application.OPC_UA.Centrifuge_PlateNo,
离心机Y速度,Centrifuge_YSpeed,VARIABLE,INT16,Chinese,ns=4;s=|var|Inovance-X86-Linux.Application.OPC_UA.Centrifuge_YSpeed,
离心机Z速度,Centrifuge_ZSpeed,VARIABLE,INT16,Chinese,ns=4;s=|var|Inovance-X86-Linux.Application.OPC_UA.Centrifuge_ZSpeed,
离心机指令类型,Centrifuge_CmdType,VARIABLE,INT16,Chinese,ns=4;s=|var|Inovance-X86-Linux.Application.OPC_UA.Centrifuge_CmdType,
离心机指令触发,Centrifuge_CmdTrig,VARIABLE,INT16,Chinese,ns=4;s=|var|Inovance-X86-Linux.Application.OPC_UA.Centrifuge_CmdTrig,
离心管液体处理X位置反馈,Tube_XPosFB,VARIABLE,INT16,Chinese,ns=4;s=|var|Inovance-X86-Linux.Application.OPC_UA.Tube_XPosFB,"离心管液体处理
1=X向左
2=X向右
3=Y向前
4=Y向后
5=8通道Z向上
6=8通道Z向下
7=8通道移液吸
8=8通道移液放
9=大夹爪Z向上
10=大夹爪Z向下
11=单通道移液吸
12=单通道移液放
13=单通道向上
14=单通道向下
15=小夹爪向上
16=小夹爪向下
17=磁力架轴向上
18=磁力架轴向下
19=8通道装载
20=8通道吸液
21=8通道放液
22=8通道卸载
23=单通道装载
24=单通道吸液
25=单通道放液
26=单通道卸载
27=小夹爪开盖
28=小夹爪关盖
29=小夹爪抓取
30=小夹爪放置
31=大夹爪抓取
32=大夹爪放置
33=单通道混匀
34=8通道混匀
35=超神波混匀
36=复位
37=xyz回原点
38=模块1恒温打开
39=模块1恒温关闭
40=模块2恒温打开
41=模块2恒温关闭
42=模块3恒温打开
43=模块3恒温关闭
44=模块4恒温打开
45=模块4恒温关闭
46=模块4震荡打开
47=模块4震荡关闭"
离心管液体处理Y位置反馈,Tube_YPosFB,VARIABLE,INT16,Chinese,ns=4;s=|var|Inovance-X86-Linux.Application.OPC_UA.Tube_YPosFB,
离心管液体处理Z1位置反馈,Tube_Z1PosFB,VARIABLE,INT16,Chinese,ns=4;s=|var|Inovance-X86-Linux.Application.OPC_UA.Tube_Z1PosFB,
离心管液体处理P1位置反馈,Tube_P1PosFB,VARIABLE,INT16,Chinese,ns=4;s=|var|Inovance-X86-Linux.Application.OPC_UA.Tube_P1PosFB,
离心管液体处理Z2位置反馈,Tube_Z2PosFB,VARIABLE,INT16,Chinese,ns=4;s=|var|Inovance-X86-Linux.Application.OPC_UA.Tube_Z2PosFB,
离心管液体处理P2位置反馈,Tube_P2PosFB,VARIABLE,INT16,Chinese,ns=4;s=|var|Inovance-X86-Linux.Application.OPC_UA.Tube_P2PosFB,
离心管液体处理Z3位置反馈,Tube_Z3PosFB,VARIABLE,INT16,Chinese,ns=4;s=|var|Inovance-X86-Linux.Application.OPC_UA.Tube_Z3PosFB,
离心管液体处理Z4位置反馈,Tube_Z4PosFB,VARIABLE,INT16,Chinese,ns=4;s=|var|Inovance-X86-Linux.Application.OPC_UA.Tube_Z4PosFB,
离心管液体处理M轴位置反馈,Tube_MPosFB,VARIABLE,INT16,Chinese,ns=4;s=|var|Inovance-X86-Linux.Application.OPC_UA.Tube_MPosFB,
离心管液体处理完成反馈,Tube_CompleteFB,VARIABLE,INT16,Chinese,ns=4;s=|var|Inovance-X86-Linux.Application.OPC_UA.Tube_CompleteFB,
离心管液体处理恒温模块1温度反馈,Tube_ThermostaticModule1_TemperatureFB,VARIABLE,INT16,Chinese,ns=4;s=|var|Inovance-X86-Linux.Application.OPC_UA.Tube_ThermostaticModule1_TemperatureFB,
离心管液体处理恒温模块2温度反馈,Tube_ThermostaticModule2_TemperatureFB,VARIABLE,INT16,Chinese,ns=4;s=|var|Inovance-X86-Linux.Application.OPC_UA.Tube_ThermostaticModule2_TemperatureFB,
离心管液体处理恒温模块3温度反馈,Tube_ThermostaticModule3_TemperatureFB,VARIABLE,INT16,Chinese,ns=4;s=|var|Inovance-X86-Linux.Application.OPC_UA.Tube_ThermostaticModule3_TemperatureFB,
离心管液体处理恒温模块4温度反馈,Tube_ThermostaticModule4_TemperatureFB,VARIABLE,INT16,Chinese,ns=4;s=|var|Inovance-X86-Linux.Application.OPC_UA.Tube_ThermostaticModule4_TemperatureFB,
离心管液体处理X运行位置,Tube_XPosSet,VARIABLE,INT16,Chinese,ns=4;s=|var|Inovance-X86-Linux.Application.OPC_UA.Tube_XPosSet,
离心管液体处理Y运行位置,Tube_YPosSet,VARIABLE,INT16,Chinese,ns=4;s=|var|Inovance-X86-Linux.Application.OPC_UA.Tube_YPosSet,
离心管液体处理Z1运行位置,Tube_Z1PosSet,VARIABLE,INT16,Chinese,ns=4;s=|var|Inovance-X86-Linux.Application.OPC_UA.Tube_Z1PosSet,
离心管液体处理P1运行位置,Tube_P1PosSet,VARIABLE,INT16,Chinese,ns=4;s=|var|Inovance-X86-Linux.Application.OPC_UA.Tube_P1PosSet,
离心管液体处理Z2运行位置,Tube_Z2PosSet,VARIABLE,INT16,Chinese,ns=4;s=|var|Inovance-X86-Linux.Application.OPC_UA.Tube_Z2PosSet,
离心管液体处理P2运行位置,Tube_P2PosSet,VARIABLE,INT16,Chinese,ns=4;s=|var|Inovance-X86-Linux.Application.OPC_UA.Tube_P2PosSet,
离心管液体处理Z3运行位置,Tube_Z3PosSet,VARIABLE,INT16,Chinese,ns=4;s=|var|Inovance-X86-Linux.Application.OPC_UA.Tube_Z3PosSet,
离心管液体处理Z4运行位置,Tube_Z4PosSet,VARIABLE,INT16,Chinese,ns=4;s=|var|Inovance-X86-Linux.Application.OPC_UA.Tube_Z4PosSet,
离心管液体处理M轴运行位置,Tube_MPosSet,VARIABLE,INT16,Chinese,ns=4;s=|var|Inovance-X86-Linux.Application.OPC_UA.Tube_MPosSet,
离心管液体处理X速度,Tube_XSpeed,VARIABLE,INT16,Chinese,ns=4;s=|var|Inovance-X86-Linux.Application.OPC_UA.Tube_XSpeed,
离心管液体处理Y速度,Tube_YSpeed,VARIABLE,INT16,Chinese,ns=4;s=|var|Inovance-X86-Linux.Application.OPC_UA.Tube_YSpeed,
离心管液体处理Z1速度,Tube_Z1Speed,VARIABLE,INT16,Chinese,ns=4;s=|var|Inovance-X86-Linux.Application.OPC_UA.Tube_Z1Speed,
离心管液体处理P1速度,Tube_P1Speed,VARIABLE,INT16,Chinese,ns=4;s=|var|Inovance-X86-Linux.Application.OPC_UA.Tube_P1Speed,
离心管液体处理Z2速度,Tube_Z2Speed,VARIABLE,INT16,Chinese,ns=4;s=|var|Inovance-X86-Linux.Application.OPC_UA.Tube_Z2Speed,
离心管液体处理P2速度,Tube_P2Speed,VARIABLE,INT16,Chinese,ns=4;s=|var|Inovance-X86-Linux.Application.OPC_UA.Tube_P2Speed,
离心管液体处理Z3速度,Tube_Z3Speed,VARIABLE,INT16,Chinese,ns=4;s=|var|Inovance-X86-Linux.Application.OPC_UA.Tube_Z3Speed,
离心管液体处理Z4速度,Tube_Z4Speed,VARIABLE,INT16,Chinese,ns=4;s=|var|Inovance-X86-Linux.Application.OPC_UA.Tube_Z4Speed,
离心管液体处理M轴速度,Tube_MSpeed,VARIABLE,INT16,Chinese,ns=4;s=|var|Inovance-X86-Linux.Application.OPC_UA.Tube_MSpeed,
离心管液体处理指令类型,Tube_CmdType,VARIABLE,INT16,Chinese,ns=4;s=|var|Inovance-X86-Linux.Application.OPC_UA.Tube_CmdType,
离心管液体处理指令触发,Tube_CmdTrig,VARIABLE,INT16,Chinese,ns=4;s=|var|Inovance-X86-Linux.Application.OPC_UA.Tube_CmdTrig,
离心管液体处理8通道吹样,Tube_Ch8Blow,VARIABLE,INT16,Chinese,ns=4;s=|var|Inovance-X86-Linux.Application.OPC_UA.Tube_Ch8Blow,
离心管液体处理单通道吹样,Tube_Ch1Blow,VARIABLE,INT16,Chinese,ns=4;s=|var|Inovance-X86-Linux.Application.OPC_UA.Tube_Ch1Blow,
离心管液体处理8通道反向吸液,Tube_Ch8ReverseAspirate,VARIABLE,INT16,Chinese,ns=4;s=|var|Inovance-X86-Linux.Application.OPC_UA.Tube_Ch8ReverseAspirate,
离心管液体处理单通道反向吸液,Tube_Ch1ReverseAspirate,VARIABLE,INT16,Chinese,ns=4;s=|var|Inovance-X86-Linux.Application.OPC_UA.Tube_Ch1ReverseAspirate,
离心管液体处理小夹爪旋转角度,Tube_SmallGripperAngle,VARIABLE,INT16,Chinese,ns=4;s=|var|Inovance-X86-Linux.Application.OPC_UA.Tube_SmallGripperAngle,
离心管液体处理小夹爪力度,Tube_SmallGripperForce,VARIABLE,INT16,Chinese,ns=4;s=|var|Inovance-X86-Linux.Application.OPC_UA.Tube_SmallGripperForce,
离心管液体处理混匀次数,Tube_MixCounts,VARIABLE,INT16,Chinese,ns=4;s=|var|Inovance-X86-Linux.Application.OPC_UA.Tube_MixCounts,
离心管液体处理小夹爪开盖初始位置,Tube_SmallGripperOpenLidStart,VARIABLE,INT16,Chinese,ns=4;s=|var|Inovance-X86-Linux.Application.OPC_UA.Tube_SmallGripperOpenLidStart,
离心管液体处理小夹爪开盖结束位置,Tube_SmallGripperOpenLidEnd,VARIABLE,INT16,Chinese,ns=4;s=|var|Inovance-X86-Linux.Application.OPC_UA.Tube_SmallGripperOpenLidEnd,
离心管液体处理小夹爪关盖初始位置,Tube_SmallGripperCloseLidStart,VARIABLE,INT16,Chinese,ns=4;s=|var|Inovance-X86-Linux.Application.OPC_UA.Tube_SmallGripperCloseLidStart,
离心管液体处理小夹爪关盖结束位置,Tube_SmallGripperCloseLidEnd,VARIABLE,INT16,Chinese,ns=4;s=|var|Inovance-X86-Linux.Application.OPC_UA.Tube_SmallGripperCloseLidEnd,
离心管液体处理小夹爪开盖速度,Tube_SmallGripperOpenLidSpeed,VARIABLE,INT16,Chinese,ns=4;s=|var|Inovance-X86-Linux.Application.OPC_UA.Tube_SmallGripperOpenLidSpeed,
离心管液体处理小夹爪关盖速度,Tube_SmallGripperCloseLidSpeed,VARIABLE,INT16,Chinese,ns=4;s=|var|Inovance-X86-Linux.Application.OPC_UA.Tube_SmallGripperCloseLidSpeed,
离心管液体处理开盖旋转速度,Tube_SmallGripperOpenLid_RotationSpeed,VARIABLE,INT16,Chinese,ns=4;s=|var|Inovance-X86-Linux.Application.OPC_UA.Tube_SmallGripperOpenLid_RotationSpeed,
离心管液体处理关盖旋转速度,Tube_SmallGripperCloseLid_RotationSpeed,VARIABLE,INT16,Chinese,ns=4;s=|var|Inovance-X86-Linux.Application.OPC_UA.Tube_SmallGripperCloseLid_RotationSpeed,
离心管液体处理超声波混匀时间,Tube_UltrasoundTime,VARIABLE,INT16,Chinese,ns=4;s=|var|Inovance-X86-Linux.Application.OPC_UA.Tube_UltrasoundTime,
离心管液体处理超声波混匀立即停止,Tube_UltrasoundSTOP,VARIABLE,INT16,Chinese,ns=4;s=|var|Inovance-X86-Linux.Application.OPC_UA.Tube_UltrasoundSTOP,
离心管液体处理恒温模块温度,Tube_ThermostaticModule_Temperature,VARIABLE,INT16,Chinese,ns=4;s=|var|Inovance-X86-Linux.Application.OPC_UA.Tube_ThermostaticModule_Temperature,
离心管液体处理恒温模块温控时间,Tube_ThermostaticModule_Time,VARIABLE,INT16,Chinese,ns=4;s=|var|Inovance-X86-Linux.Application.OPC_UA.Tube_ThermostaticModule_Time,
离心管液体处理恒温模块4震荡转速,Tube_ThermostaticModule4_Shaking_Speed,VARIABLE,INT16,Chinese,ns=4;s=|var|Inovance-X86-Linux.Application.OPC_UA.Tube_ThermostaticModule4_Shaking_Speed,
离心管液体处理恒温模块4震荡时间,Tube_ThermostaticModule4_Shaking_Time,VARIABLE,INT16,Chinese,ns=4;s=|var|Inovance-X86-Linux.Application.OPC_UA.Tube_ThermostaticModule4_Shaking_Time,
堆栈R位置反馈,Stack_RPosFB,VARIABLE,INT16,Chinese,ns=4;s=|var|Inovance-X86-Linux.Application.OPC_UA.Stack_RPosFB,"堆栈
1=堆栈左旋转
2=堆栈右旋转
3=相机Z向上
4=相机Z向下
5=堆栈旋转至目标位置
6=相机移动至目标位置并检测有无
7=复位"
堆栈Z位置反馈,Stack_ZPosFB,VARIABLE,INT16,Chinese,ns=4;s=|var|Inovance-X86-Linux.Application.OPC_UA.Stack_ZPosFB,
堆栈完成反馈,Stack_CompleteFB,VARIABLE,INT16,Chinese,ns=4;s=|var|Inovance-X86-Linux.Application.OPC_UA.Stack_CompleteFB,
堆栈R运行位置,Stack_RPosSet,VARIABLE,INT16,Chinese,ns=4;s=|var|Inovance-X86-Linux.Application.OPC_UA.Stack_RPosSet,
堆栈Z运行位置,Stack_ZPosSet,VARIABLE,INT16,Chinese,ns=4;s=|var|Inovance-X86-Linux.Application.OPC_UA.Stack_ZPosSet,
堆栈R速度,Stack_RSpeed,VARIABLE,INT16,Chinese,ns=4;s=|var|Inovance-X86-Linux.Application.OPC_UA.Stack_RSpeed,
堆栈Z速度,Stack_ZSpeed,VARIABLE,INT16,Chinese,ns=4;s=|var|Inovance-X86-Linux.Application.OPC_UA.Stack_ZSpeed,
堆栈指令类型,Stack_CmdType,VARIABLE,INT16,Chinese,ns=4;s=|var|Inovance-X86-Linux.Application.OPC_UA.Stack_CmdType,
堆栈指令触发,Stack_CmdTrig,VARIABLE,INT16,Chinese,ns=4;s=|var|Inovance-X86-Linux.Application.OPC_UA.Stack_CmdTrig,
堆栈物料检测结果,Stack_DetectResult,VARIABLE,INT16,Chinese,ns=4;s=|var|Inovance-X86-Linux.Application.OPC_UA.Stack_DetectResult,
机械手X位置反馈,Robot_XPosFB,VARIABLE,INT16,Chinese,ns=4;s=|var|Inovance-X86-Linux.Application.OPC_UA.Robot_XPosFB,"机械手
1=X向左
2=X向右
3=机械手去目标位置目标板位夹料
4=机械手去目标位置目标板位放料
7=复位
8=失能
9=使能
10=给机器人发动作命令，收到动作完成反馈要复位动作命令"
机械手完成反馈,Robot_FinishFB,VARIABLE,INT16,Chinese,ns=4;s=|var|Inovance-X86-Linux.Application.OPC_UA.Robot_FinishFB,
机械手X运行位置,Robot_XPosSet,VARIABLE,INT16,Chinese,ns=4;s=|var|Inovance-X86-Linux.Application.OPC_UA.Robot_XPosSet,
机械手X速度,Robot_XSpeedSet,VARIABLE,INT16,Chinese,ns=4;s=|var|Inovance-X86-Linux.Application.OPC_UA.Robot_XSpeedSet,
机械手机械手模块号(每个工站对应不同动作),Robot_ModuleNoSet,VARIABLE,INT16,Chinese,ns=4;s=|var|Inovance-X86-Linux.Application.OPC_UA.Robot_ModuleNoSet,
机械手机械手在烘箱的运行动作,Robot_Oven,VARIABLE,INT16,Chinese,ns=4;s=|var|Inovance-X86-Linux.Application.OPC_UA.Robot_Oven,
机械手机械手在紧缩结构的运行动作,Robot_Locking_mechanism,VARIABLE,INT16,Chinese,ns=4;s=|var|Inovance-X86-Linux.Application.OPC_UA.Robot_Locking_mechanism,
机械手机械手在快换结构的运行动作,Robot_Quick_change_mechanism,VARIABLE,INT16,Chinese,ns=4;s=|var|Inovance-X86-Linux.Application.OPC_UA.Robot_Quick_change_mechanism,
机械手机械手在离心机的运行动作,Robot_Centrifuge,VARIABLE,INT16,Chinese,ns=4;s=|var|Inovance-X86-Linux.Application.OPC_UA.Robot_Centrifuge,
机械手机械手在真空烘箱的运行动作,Robot_Vacuum_oven,VARIABLE,INT16,Chinese,ns=4;s=|var|Inovance-X86-Linux.Application.OPC_UA.Robot_Vacuum_oven,
机械手机械手在9320的运行动作,Robot_9320,VARIABLE,INT16,Chinese,ns=4;s=|var|Inovance-X86-Linux.Application.OPC_UA.Robot_9320,
机械手机械手在离心管液体处理的运行动作,Robot_Centrifuge_tube_liquid_handling,VARIABLE,INT16,Chinese,ns=4;s=|var|Inovance-X86-Linux.Application.OPC_UA.Robot_Centrifuge_tube_liquid_handling,
机械手机械手在堆栈的运行动作,Robot_Stack,VARIABLE,INT16,Chinese,ns=4;s=|var|Inovance-X86-Linux.Application.OPC_UA.Robot_Stack,
机械手机械手在固体加样的运行动作,Robot_Add_solid_sample,VARIABLE,INT16,Chinese,ns=4;s=|var|Inovance-X86-Linux.Application.OPC_UA.Robot_Add_solid_sample,
机械手机械手在烘箱的运行动作完成反馈,Robot_Oven_Done,VARIABLE,INT16,Chinese,ns=4;s=|var|Inovance-X86-Linux.Application.OPC_UA.Robot_Oven_Done,
机械手机械手在紧缩结构的运行动作完成反馈,Robot_Locking_mechanism_Done,VARIABLE,INT16,Chinese,ns=4;s=|var|Inovance-X86-Linux.Application.OPC_UA.Robot_Locking_mechanism_Done,
机械手机械手在快换结构的运行动作完成反馈,Robot_Quick_change_mechanism_Done,VARIABLE,INT16,Chinese,ns=4;s=|var|Inovance-X86-Linux.Application.OPC_UA.Robot_Quick_change_mechanism_Done,
机械手机械手在离心机的运行动作完成反馈,Robot_Centrifuge_Done,VARIABLE,INT16,Chinese,ns=4;s=|var|Inovance-X86-Linux.Application.OPC_UA.Robot_Centrifuge_Done,
机械手机械手在真空烘箱的运行动作完成反馈,Robot_Vacuum_oven_Done,VARIABLE,INT16,Chinese,ns=4;s=|var|Inovance-X86-Linux.Application.OPC_UA.Robot_Vacuum_oven_Done,
机械手机械手在9320的运行动作完成反馈,Robot_Nine_9320_Done,VARIABLE,INT16,Chinese,ns=4;s=|var|Inovance-X86-Linux.Application.OPC_UA.Robot_Nine_9320_Done,
机械手机械手在离心管液体处理的运行动作完成反馈,Robot_Centrifuge_tube_liquid_handling_Done,VARIABLE,INT16,Chinese,ns=4;s=|var|Inovance-X86-Linux.Application.OPC_UA.Robot_Centrifuge_tube_liquid_handling_Done,
机械手机械手在堆栈的运行动作完成反馈,Robot_Stack_Done,VARIABLE,INT16,Chinese,ns=4;s=|var|Inovance-X86-Linux.Application.OPC_UA.Robot_Stack_Done,
机械手机械手在固体加样的运行动作完成反馈,Robot_Add_solid_sample_Done,VARIABLE,INT16,Chinese,ns=4;s=|var|Inovance-X86-Linux.Application.OPC_UA.Robot_Add_solid_sample_Done,
机械手机器人反馈错误代码,Robot_Error_code,VARIABLE,INT16,Chinese,ns=4;s=|var|Inovance-X86-Linux.Application.OPC_UA.Robot_Error_code,
机械手机器人运行状态,Robot_Running_Status,VARIABLE,INT16,Chinese,ns=4;s=|var|Inovance-X86-Linux.Application.OPC_UA.Robot_Running_Status,
机械手机器人回原点,Robot_gohome,VARIABLE,INT16,Chinese,ns=4;s=|var|Inovance-X86-Linux.Application.OPC_UA.Robot_gohome,
机械手机器人回原点完成,Robot_gohome_done,VARIABLE,INT16,Chinese,ns=4;s=|var|Inovance-X86-Linux.Application.OPC_UA.Robot_gohome_done,
机械手机器人停止,Robot_STOP,VARIABLE,INT16,Chinese,ns=4;s=|var|Inovance-X86-Linux.Application.OPC_UA.Robot_STOP,
机械手机器人夹取还是放置,Robot_Pick up or place,VARIABLE,INT16,Chinese,ns=4;s=|var|Inovance-X86-Linux.Application.OPC_UA.Robot_Pick up or place,
机械手指令类型,Robot_CmdType,VARIABLE,INT16,Chinese,ns=4;s=|var|Inovance-X86-Linux.Application.OPC_UA.Robot_CmdType,
机械手指令触发,Robot_CmdTrig,VARIABLE,INT16,Chinese,ns=4;s=|var|Inovance-X86-Linux.Application.OPC_UA.Robot_CmdTrig,
固体加样X位置反馈,Solid_XPosFB,VARIABLE,INT16,Chinese,ns=4;s=|var|Inovance-X86-Linux.Application.OPC_UA.Solid_XPosFB,"固体加样
1=X向左
2=X向右
3=Y向里
4=Y向外
5=夹爪Z向上
6=夹爪Z向下
7=D开门
8=D关门
9=取料筒时Y轴向里
10=取料筒时Y轴向外
11=加料
12=夹爪夹料
13=夹爪放料
14=天枰去皮
15=天枰称重
16=料筒Z向上
17=料筒Z向下
18=放料筒时Y轴向里
19=放料筒时Y轴向外
20=复位
21=夹爪夹紧
22=夹爪松开
23=xyz回原点"
固体加样Y位置反馈,Solid_YPosFB,VARIABLE,INT16,Chinese,ns=4;s=|var|Inovance-X86-Linux.Application.OPC_UA.Solid_YPosFB,
固体加样料筒Z位置反馈,Solid_MaterialZPosFB,VARIABLE,INT32,Chinese,ns=4;s=|var|Inovance-X86-Linux.Application.OPC_UA.Solid_MaterialZPosFB,
固体加样夹爪Z位置反馈,Solid_GripperZPosFB,VARIABLE,INT16,Chinese,ns=4;s=|var|Inovance-X86-Linux.Application.OPC_UA.Solid_GripperZPosFB,
固体加样开关门位置反馈,Solid_DoorPosFB,VARIABLE,INT16,Chinese,ns=4;s=|var|Inovance-X86-Linux.Application.OPC_UA.Solid_DoorPosFB,
固体加样天枰重量反馈,Solid_WeightFB,VARIABLE,INT32,Chinese,ns=4;s=|var|Inovance-X86-Linux.Application.OPC_UA.Solid_WeightFB,
固体加样完成反馈,Solid_CompleteFB,VARIABLE,INT16,Chinese,ns=4;s=|var|Inovance-X86-Linux.Application.OPC_UA.Solid_CompleteFB,
固体加样X运行位置,Solid_XPosSet,VARIABLE,INT16,Chinese,ns=4;s=|var|Inovance-X86-Linux.Application.OPC_UA.Solid_XPosSet,
固体加样Y运行位置,Solid_YPosSet,VARIABLE,INT16,Chinese,ns=4;s=|var|Inovance-X86-Linux.Application.OPC_UA.Solid_YPosSet,
固体加样料筒Z运行位置,Solid_MaterialZPosSet,VARIABLE,INT32,Chinese,ns=4;s=|var|Inovance-X86-Linux.Application.OPC_UA.Solid_MaterialZPosSet,
固体加样加样量,Solid_VoluneWeightSet,VARIABLE,INT32,Chinese,ns=4;s=|var|Inovance-X86-Linux.Application.OPC_UA.Solid_VoluneWeightSet,
固体加样夹爪Z运行位置,Solid_GripperZPosSet,VARIABLE,INT16,Chinese,ns=4;s=|var|Inovance-X86-Linux.Application.OPC_UA.Solid_GripperZPosSet,
固体加样门开关位置,Solid_DoorPosSet,VARIABLE,INT16,Chinese,ns=4;s=|var|Inovance-X86-Linux.Application.OPC_UA.Solid_DoorPosSet,
固体加样X速度,Solid_XSpeed,VARIABLE,INT16,Chinese,ns=4;s=|var|Inovance-X86-Linux.Application.OPC_UA.Solid_XSpeed,
固体加样Y速度,Solid_YSpeed,VARIABLE,INT16,Chinese,ns=4;s=|var|Inovance-X86-Linux.Application.OPC_UA.Solid_YSpeed,
固体加样料筒Z速度,Solid_MaterialZSpeed,VARIABLE,INT16,Chinese,ns=4;s=|var|Inovance-X86-Linux.Application.OPC_UA.Solid_MaterialZSpeed,
固体加样夹爪Z速度,Solid_GripperZSpeed,VARIABLE,INT16,Chinese,ns=4;s=|var|Inovance-X86-Linux.Application.OPC_UA.Solid_GripperZSpeed,
固体加样D速度,Solid_DoorSpeed,VARIABLE,INT16,Chinese,ns=4;s=|var|Inovance-X86-Linux.Application.OPC_UA.Solid_DoorSpeed,
固体加样指令类型,Solid_CmdType,VARIABLE,INT16,Chinese,ns=4;s=|var|Inovance-X86-Linux.Application.OPC_UA.Solid_CmdType,
固体加样指令触发,Solid_CmdTrig,VARIABLE,INT16,Chinese,ns=4;s=|var|Inovance-X86-Linux.Application.OPC_UA.Solid_CmdTrig,
复位完成反馈,System_ResetCompleteFB,VARIABLE,INT16,Chinese,ns=4;s=|var|Inovance-X86-Linux.Application.OPC_UA.System_ResetCompleteFB,总复位
复位触发,System_ResetTrig,VARIABLE,INT16,Chinese,ns=4;s=|var|Inovance-X86-Linux.Application.OPC_UA.System_ResetTrig,
停止触发,System_StopTrig,VARIABLE,INT16,Chinese,ns=4;s=|var|Inovance-X86-Linux.Application.OPC_UA.System_StopTrig,停止
常规烘箱温度反馈,Oven_TempFB,VARIABLE,INT16,Chinese,ns=4;s=|var|Inovance-X86-Linux.Application.OPC_UA.Oven_TempFB,"常规烘箱
1=启动
2=复位/停止"
常规烘箱完成反馈,Oven_CompleteFB,VARIABLE,INT16,Chinese,ns=4;s=|var|Inovance-X86-Linux.Application.OPC_UA.Oven_CompleteFB,
常规烘箱运行温度设置,Oven_TempSet,VARIABLE,INT16,Chinese,ns=4;s=|var|Inovance-X86-Linux.Application.OPC_UA.Oven_TempSet,
常规烘箱运行时间设置(小时),Oven_TimeHourSet,VARIABLE,INT16,Chinese,ns=4;s=|var|Inovance-X86-Linux.Application.OPC_UA.Oven_TimeHourSet,
常规烘箱运行时间设置(分钟),Oven_TimeMinuteSet,VARIABLE,INT16,Chinese,ns=4;s=|var|Inovance-X86-Linux.Application.OPC_UA.Oven_TimeMinuteSet,
常规烘箱指令类型,Oven_CmdType,VARIABLE,INT16,Chinese,ns=4;s=|var|Inovance-X86-Linux.Application.OPC_UA.Oven_CmdType,
常规烘箱指令触发,Oven_CmdTrig,VARIABLE,INT16,Chinese,ns=4;s=|var|Inovance-X86-Linux.Application.OPC_UA.Oven_CmdTrig,
常规烘箱运行状态,Oven_Running_Status,VARIABLE,INT16,Chinese,ns=4;s=|var|Inovance-X86-Linux.Application.OPC_UA.Oven_Running_Status,
真空烘箱温度反馈,VacuumOven_TempFB,VARIABLE,INT16,Chinese,ns=4;s=|var|Inovance-X86-Linux.Application.OPC_UA.VacuumOven_TempFB,"真空烘箱
1=启动
2=复位"
真空烘箱时间反馈,VacuumOven_TimeFB,VARIABLE,INT16,Chinese,ns=4;s=|var|Inovance-X86-Linux.Application.OPC_UA.VacuumOven_TimeFB,
真空烘箱气压反馈,VacuumOven_PressureFB,VARIABLE,INT16,Chinese,ns=4;s=|var|Inovance-X86-Linux.Application.OPC_UA.VacuumOven_PressureFB,
真空烘箱完成反馈,VacuumOven_CompleteFB,VARIABLE,INT16,Chinese,ns=4;s=|var|Inovance-X86-Linux.Application.OPC_UA.VacuumOven_CompleteFB,
真空烘箱运行温度设置1,VacuumOven_TempSet_1,VARIABLE,INT16,Chinese,ns=4;s=|var|Inovance-X86-Linux.Application.OPC_UA.VacuumOven_TempSet_1,
真空烘箱运行时间设置1,VacuumOven_TimeSet_1,VARIABLE,INT16,Chinese,ns=4;s=|var|Inovance-X86-Linux.Application.OPC_UA.VacuumOven_TimeSet_1,
真空烘箱真空控制上限1,VacuumOven_VacuumHigh_1,VARIABLE,INT16,Chinese,ns=4;s=|var|Inovance-X86-Linux.Application.OPC_UA.VacuumOven_VacuumHigh_1,
真空烘箱真空控制下限1,VacuumOven_VacuumLow_1,VARIABLE,INT16,Chinese,ns=4;s=|var|Inovance-X86-Linux.Application.OPC_UA.VacuumOven_VacuumLow_1,
真空烘箱运行温度设置2,VacuumOven_TempSet_2,VARIABLE,INT16,Chinese,ns=4;s=|var|Inovance-X86-Linux.Application.OPC_UA.VacuumOven_TempSet_2,
真空烘箱运行时间设置2,VacuumOven_TimeSet_2,VARIABLE,INT16,Chinese,ns=4;s=|var|Inovance-X86-Linux.Application.OPC_UA.VacuumOven_TimeSet_2,
真空烘箱真空控制上限2,VacuumOven_VacuumHigh_2,VARIABLE,INT16,Chinese,ns=4;s=|var|Inovance-X86-Linux.Application.OPC_UA.VacuumOven_VacuumHigh_2,
真空烘箱真空控制下限2,VacuumOven_VacuumLow_2,VARIABLE,INT16,Chinese,ns=4;s=|var|Inovance-X86-Linux.Application.OPC_UA.VacuumOven_VacuumLow_2,
真空烘箱运行温度设置3,VacuumOven_TempSet_3,VARIABLE,INT16,Chinese,ns=4;s=|var|Inovance-X86-Linux.Application.OPC_UA.VacuumOven_TempSet_3,
真空烘箱运行时间设置3,VacuumOven_TimeSet_3,VARIABLE,INT16,Chinese,ns=4;s=|var|Inovance-X86-Linux.Application.OPC_UA.VacuumOven_TimeSet_3,
真空烘箱真空控制上限3,VacuumOven_VacuumHigh_3,VARIABLE,INT16,Chinese,ns=4;s=|var|Inovance-X86-Linux.Application.OPC_UA.VacuumOven_VacuumHigh_3,
真空烘箱真空控制下限3,VacuumOven_VacuumLow_3,VARIABLE,INT16,Chinese,ns=4;s=|var|Inovance-X86-Linux.Application.OPC_UA.VacuumOven_VacuumLow_3,
真空烘箱运行温度设置4,VacuumOven_TempSet_4,VARIABLE,INT16,Chinese,ns=4;s=|var|Inovance-X86-Linux.Application.OPC_UA.VacuumOven_TempSet_4,
真空烘箱运行时间设置4,VacuumOven_TimeSet_4,VARIABLE,INT16,Chinese,ns=4;s=|var|Inovance-X86-Linux.Application.OPC_UA.VacuumOven_TimeSet_4,
真空烘箱真空控制上限4,VacuumOven_VacuumHigh_4,VARIABLE,INT16,Chinese,ns=4;s=|var|Inovance-X86-Linux.Application.OPC_UA.VacuumOven_VacuumHigh_4,
真空烘箱真空控制下限4,VacuumOven_VacuumLow_4,VARIABLE,INT16,Chinese,ns=4;s=|var|Inovance-X86-Linux.Application.OPC_UA.VacuumOven_VacuumLow_4,
真空烘箱运行温度设置5,VacuumOven_TempSet_5,VARIABLE,INT16,Chinese,ns=4;s=|var|Inovance-X86-Linux.Application.OPC_UA.VacuumOven_TempSet_5,
真空烘箱运行时间设置5,VacuumOven_TimeSet_5,VARIABLE,INT16,Chinese,ns=4;s=|var|Inovance-X86-Linux.Application.OPC_UA.VacuumOven_TimeSet_5,
真空烘箱真空控制上限5,VacuumOven_VacuumHigh_5,VARIABLE,INT16,Chinese,ns=4;s=|var|Inovance-X86-Linux.Application.OPC_UA.VacuumOven_VacuumHigh_5,
真空烘箱真空控制下限5,VacuumOven_VacuumLow_5,VARIABLE,INT16,Chinese,ns=4;s=|var|Inovance-X86-Linux.Application.OPC_UA.VacuumOven_VacuumLow_5,
真空烘箱运行温度设置6,VacuumOven_TempSet_6,VARIABLE,INT16,Chinese,ns=4;s=|var|Inovance-X86-Linux.Application.OPC_UA.VacuumOven_TempSet_6,
真空烘箱运行时间设置6,VacuumOven_TimeSet_6,VARIABLE,INT16,Chinese,ns=4;s=|var|Inovance-X86-Linux.Application.OPC_UA.VacuumOven_TimeSet_6,
真空烘箱真空控制上限6,VacuumOven_VacuumHigh_6,VARIABLE,INT16,Chinese,ns=4;s=|var|Inovance-X86-Linux.Application.OPC_UA.VacuumOven_VacuumHigh_6,
真空烘箱真空控制下限6,VacuumOven_VacuumLow_6,VARIABLE,INT16,Chinese,ns=4;s=|var|Inovance-X86-Linux.Application.OPC_UA.VacuumOven_VacuumLow_6,
真空烘箱指令类型,VacuumOven_CmdType,VARIABLE,INT16,Chinese,ns=4;s=|var|Inovance-X86-Linux.Application.OPC_UA.VacuumOven_CmdType,
真空烘箱指令触发,VacuumOven_CmdTrig,VARIABLE,INT16,Chinese,ns=4;s=|var|Inovance-X86-Linux.Application.OPC_UA.VacuumOven_CmdTrig,
七个液冷模块9320液冷模块1温度反馈,Liquid_Cooling_9320_1_FB,VARIABLE,INT16,Chinese,ns=4;s=|var|Inovance-X86-Linux.Application.OPC_UA.Liquid_Cooling_9320_1_FB,"七个液冷模块
1=温度设置
2=液冷模块开启
3=液冷模块关闭"
七个液冷模块9320液冷模块2温度反馈,Liquid_Cooling_9320_2_FB,VARIABLE,INT16,Chinese,ns=4;s=|var|Inovance-X86-Linux.Application.OPC_UA.Liquid_Cooling_9320_2_FB,
七个液冷模块离心管液体处理模块1温度反馈,Liquid_Cooling_CentrifugeTube_1_FB,VARIABLE,INT16,Chinese,ns=4;s=|var|Inovance-X86-Linux.Application.OPC_UA.Liquid_Cooling_CentrifugeTube_1_FB,
七个液冷模块离心管液体处理模块2温度反馈,Liquid_Cooling_CentrifugeTube_2_FB,VARIABLE,INT16,Chinese,ns=4;s=|var|Inovance-X86-Linux.Application.OPC_UA.Liquid_Cooling_CentrifugeTube_2_FB,
七个液冷模块离心管液体处理模块3温度反馈,Liquid_Cooling_CentrifugeTube_3_FB,VARIABLE,INT16,Chinese,ns=4;s=|var|Inovance-X86-Linux.Application.OPC_UA.Liquid_Cooling_CentrifugeTube_3_FB,
七个液冷模块离心管液体处理模块4温度反馈,Liquid_Cooling_CentrifugeTube_4_FB,VARIABLE,INT16,Chinese,ns=4;s=|var|Inovance-X86-Linux.Application.OPC_UA.Liquid_Cooling_CentrifugeTube_4_FB,
七个液冷模块离心管液体处理模块5温度反馈,Liquid_Cooling_CentrifugeTube_5_FB,VARIABLE,INT16,Chinese,ns=4;s=|var|Inovance-X86-Linux.Application.OPC_UA.Liquid_Cooling_CentrifugeTube_5_FB,
七个液冷模块液冷模块开关完成反馈,Liquid_Cooling_Complete_FB,VARIABLE,INT16,Chinese,ns=4;s=|var|Inovance-X86-Linux.Application.OPC_UA.Liquid_Cooling_Complete_FB,
七个液冷模块9320液冷模块1温度设置,Liquid_Cooling_9320_Temperature_1_SET,VARIABLE,INT16,Chinese,ns=4;s=|var|Inovance-X86-Linux.Application.OPC_UA.Liquid_Cooling_9320_Temperature_1_SET,
七个液冷模块9320液冷模块2温度设置,Liquid_Cooling_9320_Temperature_2_SET,VARIABLE,INT16,Chinese,ns=4;s=|var|Inovance-X86-Linux.Application.OPC_UA.Liquid_Cooling_9320_Temperature_2_SET,
七个液冷模块离心管液体处理模块1温度设置,Liquid_Cooling_CentrifugeTube_Temperature_1_SET,VARIABLE,INT16,Chinese,ns=4;s=|var|Inovance-X86-Linux.Application.OPC_UA.Liquid_Cooling_CentrifugeTube_Temperature_1_SET,
七个液冷模块离心管液体处理模块2温度设置,Liquid_Cooling_CentrifugeTube_Temperature_2_SET,VARIABLE,INT16,Chinese,ns=4;s=|var|Inovance-X86-Linux.Application.OPC_UA.Liquid_Cooling_CentrifugeTube_Temperature_2_SET,
七个液冷模块离心管液体处理模块3温度设置,Liquid_Cooling_CentrifugeTube_Temperature_3_SET,VARIABLE,INT16,Chinese,ns=4;s=|var|Inovance-X86-Linux.Application.OPC_UA.Liquid_Cooling_CentrifugeTube_Temperature_3_SET,
七个液冷模块离心管液体处理模块4温度设置,Liquid_Cooling_CentrifugeTube_Temperature_4_SET,VARIABLE,INT16,Chinese,ns=4;s=|var|Inovance-X86-Linux.Application.OPC_UA.Liquid_Cooling_CentrifugeTube_Temperature_4_SET,
七个液冷模块离心管液体处理模块5温度设置,Liquid_Cooling_CentrifugeTube_Temperature_5_SET,VARIABLE,INT16,Chinese,ns=4;s=|var|Inovance-X86-Linux.Application.OPC_UA.Liquid_Cooling_CentrifugeTube_Temperature_5_SET,
七个液冷模块指令类型,Cooling_CmdType,VARIABLE,INT16,Chinese,ns=4;s=|var|Inovance-X86-Linux.Application.OPC_UA.Cooling_CmdType,
七个液冷模块指令触发,Cooling_CmdTrig,VARIABLE,INT16,Chinese,ns=4;s=|var|Inovance-X86-Linux.Application.OPC_UA.Cooling_CmdTrig,
