"Name","EnglishName","NodeType","DataType","NodeLanguage","NodeId"
"机械臂空闲_1","Robotic_Arm_Idle_1","VARIABLE","BOOLEAN","Chinese","ns=4;s=uniab|机械臂空闲_1"
"机械臂故障_1","Robotic_Arm_Fault_1","VARIABLE","BOOLEAN","Chinese","ns=4;s=uniab|机械臂故障_1"
"机械臂目标位置代码_1","Robotic_Arm_Target_Position_Code_1","VARIABLE","INT16","Chinese","ns=4;s=uniab|机械臂目标位置代码_1"
"机械臂目标取放代码_1","Robotic_Arm_Target_Pick_Place_Code_1","VARIABLE","INT16","Chinese","ns=4;s=uniab|机械臂目标取放代码_1"
"机械臂动作触发_1","Robotic_Arm_Action_Trigger_1","VARIABLE","BOOLEAN","Chinese","ns=4;s=uniab|机械臂动作触发_1"
"机械臂动作完成_1","Robotic_Arm_Action_Complete_1","VARIABLE","BOOLEAN","Chinese","ns=4;s=uniab|机械臂动作完成_1"
"加样请求加工","Add_Sample_Request_Process","VARIABLE","BOOLEAN","Chinese","ns=4;s=uniab|加样请求加工"
"加样开始加工","Add_Sample_Start_Process","VARIABLE","BOOLEAN","Chinese","ns=4;s=uniab|加样开始加工"
"加样加工完成","Add_Sample_Process_Complete","VARIABLE","BOOLEAN","Chinese","ns=4;s=uniab|加样加工完成"
"球磨参数下发","Ball_Mill_Parameter_Send","VARIABLE","BOOLEAN","Chinese","ns=4;s=uniab|球磨参数下发"
"球磨参数下发完成","Ball_Mill_Parameter_Send_Complete","VARIABLE","BOOLEAN","Chinese","ns=4;s=uniab|球磨参数下发完成"
"球磨请求加工","Ball_Mill_Request_Process","VARIABLE","BOOLEAN","Chinese","ns=4;s=uniab|球磨请求加工"
"球磨开始加工","Ball_Mill_Start_Process","VARIABLE","BOOLEAN","Chinese","ns=4;s=uniab|球磨开始加工"
"球磨加工完成","Ball_Mill_Process_Complete","VARIABLE","BOOLEAN","Chinese","ns=4;s=uniab|球磨加工完成"
"加样占位","Add_Sample_Occupied","VARIABLE","BOOLEAN","Chinese","ns=4;s=uniab|加样占位"
"粉末名称","Powder_Name","VARIABLE","STRING","Chinese","ns=4;s=uniab|粉末名称"
"加样_重量","Add_Sample_Weight","VARIABLE","FLOAT","Chinese","ns=4;s=uniab|加样_重量"
"加粉重量","Powder_Weight","VARIABLE","FLOAT","Chinese","ns=4;s=uniab|加粉重量"
